festival_code,festival_name,sido,sigungu,festival_type,first_year,venue
F0001,2026 서울무형문화축제,서울,중구,문화예술,2005,남산골한옥마을 일대
F0002,제25회 서울억새축제,서울,마포구,자연생태,2002,월드컵공원(하늘공원)
F0003,2026 서울라이트 한강 빛섬축제,서울,용산구,문화예술,2023,노들섬
F0004,2026 서울라이트 광화문,서울,종로구,문화예술,2022,"광화문, 광화문광장"
F0005,2026년 30회 서울세계도시문화축제,서울,중구,문화예술,1996,동대문디자인플라자
F0006,한강페스티벌,서울,,문화예술,2013,한강 수상 및 11개 한강공원 일대
F0007,2026 로맨틱 한강 크리스마스 마켓,서울,광진구,주민화합,2023,뚝섬한강공원 일원
F0008,2026 차없는 잠수교 뚜벅뚜벅 축제,서울,서초구,문화예술,2022,잠수교 및 반포한강공원 일원
F0009,2026 한강 서래섬 피크닉 콘서트(봄),서울,서초구,문화예술,2004,반포한강공원 서래섬
F0010,2026 한강 서래섬 피크닉 콘서트(가을),서울,서초구,문화예술,2004,반포한강공원 서래섬
F0011,제20회 서울안전한마당,서울,영등포구,주민화합,2007,여의도공원
F0012,2026 서울윈터페스타,서울,,문화예술,2023,"종로구 일대(광화문광장, 청계천 등)"
F0013,서울스프링페스타 2026,서울,영등포구,문화예술,2022,주요 한강공원 등 한강 전역
F0014,2026 서울바비큐페스타,서울,마포구,문화예술,2025,노을공원
F0015,2026 한강 드론 라이트 쇼,서울,광진구,문화예술,2023,"한강공원(뚝섬, 잠실, 여의도)"
F0016,2026 서울국제정원박람회,서울,,자연생태,2015,"서울숲 일대, 매헌시민의숲"
F0017,2026 서울어린이정원 페스티벌,서울,광진구,문화예술,2025,서울어린이대공원
F0018,제4회 레드로드 페스티벌,서울,마포구,문화예술,2023,홍대 레드로드
F0019,제19회 마포나루 새우젓축제,서울,마포구,전통역사,2008,월드컵공원 평화광장
F0020,제31회 강동선사문화축제,서울,강동구,문화예술,1996,서울 암사동유적 일원
F0021,제18회 중랑 서울장미축제,서울,중랑구,자연생태,2009,중랑장미공원(묵동교~겸재교 중랑천 일원)
F0022,중랑 용마폭포축제,서울,중랑구,문화예술,2016,용마폭포공원
F0023,제16회 2026 서대문 봄빛축제,서울,서대문구,문화예술,2011,서대문 안산 ~ 홍제천 일원
F0024,제17회 2026 서대문 독립축제,서울,서대문구,전통역사,2010,"서대문형무소역사관, 독립공원"
F0025,2026 신촌글로벌대학문화축제,서울,서대문구,문화예술,2023,신촌 일대
F0026,관악 책빵 축제,서울,관악구,주민화합,2023,별빛내린천 일대
F0027,제 5회 그루브 인 관악,서울,관악구,문화예술,2022,관악아트홀
F0028,제 10회 관악강감찬축제,서울,관악구,전통역사,2016,낙성대공원 일대
F0029,2026 영등포 여의도 봄꽃축제,서울,영등포구,문화예술,2005,"여의서로 벚꽃길, 한강공원 국회축구장 등"
F0030,제3회 영등포 정원축제(정원소풍),서울,영등포구,자연생태,2024,영등포공원
F0031,제3회 영등포구 여름축제 대피서,서울,영등포구,문화예술,2024,영등포공원
F0032,제2회 영등포구 원조맥주축제,서울,영등포구,주민화합,2025,영등포공원
F0033,2026 영등포네트워크예술제,서울,영등포구,문화예술,2019,문래동 일대
F0034,제3회 영등포 선유도원축제,서울,영등포구,문화예술,2024,선유도공원 및 선유도역 2번 3번출구 걷고싶은 거리
F0035,제4회 주막거리객사전,서울,구로구,전통역사,2023,오류동역광장
F0036,제10회 프랑스문화축제,서울,구로구,문화예술,2005,안양천 생태초화원
F0037,구로G페스티벌,서울,구로구,주민화합,2003,안양천 오금교 일대
F0038,2026 서리풀뮤직페스티벌,서울,서초구,문화예술,2015,반포대로(서초3동사거리~서초역)
F0039,2026 송파구 벚꽃축제,서울,송파구,자연생태,2007,석촌호수
F0040,제26회 한성백제문화제,서울,송파구,문화예술,1994,올림픽공원
F0041,불암산 철쭉제,서울,노원구,자연생태,2021,불암산 힐링타운
F0042,노원구 어린이날 축제,서울,노원구,주민화합,2010,등나무·중계근린공원
F0043,경춘선 공릉숲길 커피축제,서울,노원구,문화예술,2023,공릉역 ~ 동부아파트 삼거리 + 경춘선 숲길
F0044,노원달빛산책,서울,노원구,문화예술,2014,당현천 일원(중계역 ~ 상계역 2km)
F0045,노원수제맥주축제,서울,노원구,주민화합,2023,화랑대 철도공원 일원
F0046,댄싱노원 거리페스티벌,서울,노원구,문화예술,2013,노원역 일원(롯데백화점 ~ 순복음교회 555m)
F0047,4·19혁명국민문화제 2026,서울,강북구,전통역사,2013,국립4·19민주묘지 및 강북구 일대
F0048,우이천변 페스타2026,서울,강북구,문화예술,2023,우이천 일대
F0049,제3회 공예문화축제,서울,강북구,문화예술,2024,강북문화예술회관
F0050,2026 강북 백맥축제,서울,강북구,문화예술,2023,강북구 일대
F0051,상권과 함께하는 크리스마스 마켓,서울,강북구,주민화합,2023,관내 상권지역 일대
F0052,2026년 이태원 지구촌 축제,서울,용산구,문화예술,2001,이태원관광특구 일원
F0053,제14회 자문밖문화축제,서울,종로구,문화예술,2013,자문밖 일원
F0054,2026 대학로 차 없는 거리 축제,서울,종로구,문화예술,1985,대학로 일원
F0055,2026 D.FESTA 대학로 거리공연축제,서울,종로구,문화예술,2006,대학로 일원
F0056,2026 대학로 소나무길 거리예술제,서울,종로구,문화예술,2017,대학로 일원
F0057,2026 아시테지 어린이가행복한대학로,서울,종로구,문화예술,1984,대학로 일원
F0058,서울연극제,서울,종로구,문화예술,1977,대학로 일원
F0059,인사동 엔틱&아트페어,서울,종로구,전통역사,1987,인사동 일대
F0060,2026 종로K축제,서울,종로구,문화예술,2016,광화문광장
F0061,제24회 허준축제,서울,강서구,문화예술,1999,"서울식물원, 마곡광장, 마곡중앙로"
F0062,동대문구 봄꽃축제,서울,동대문구,주민화합,2008,"장안1 수변공원, 장안벚꽃길 일대"
F0063,동대문구 맥주축제,서울,동대문구,주민화합,2024,장안1 수변공원 일대
F0064,동대문페스티벌,서울,동대문구,문화예술,2024,장한로 일대
F0065,2026 정동야행,서울,중구,문화예술,2015,정동 일대
F0066,제7회 가로수길 디자인위크,서울,강남구,문화예술,2020,가로수길 일대
F0067,제15회 강남페스티벌,서울,강남구,문화예술,2012,"코엑스, 영동대로 등 강남구 일대"
F0068,제9회 도심 속 바다축제,서울,동작구,문화예술,2012,노량진수산시장 및 노량진축구장일대
F0069,제30회 부산바다축제,부산,사하구,문화예술,1996,다대포해수욕장
F0070,2026 부산국제록페스티벌,부산,사상구,문화예술,2000,삼락생태공원
F0071,제11회 부산원도심활성화축제,부산,,문화예술,2016,원도심 일원
F0072,2026 부산밀페스티벌,부산,북구,문화예술,2024,화명생태공원
F0073,부산 시민의종 타종행사,부산,중구,문화예술,2000,용두산공원
F0074,제19회 부산항축제,부산,,주민화합,2008,북항 및 해양박물관 등
F0075,2026년 조선통신사 축제,부산,,전통역사,2003,미정(협의중)
F0076,2026 제11회 피란수도 부산 국가유산 야행,부산,중구,전통역사,2016,영도다리 등 피란유산 전역
F0077,2026 부산종합민속예술제,부산,부산진구,전통역사,2021,부산시민공원 다솜광장
F0078,제25회 부산과학축전,부산,해운대구,자연생태,2002,벡스코
F0079,2026년 부산 가든쇼,부산,사상구,문화예술,2025,삼락생태공원
F0080,2026년 광복로 연등문화제,부산,중구,문화예술,2014,광복로 일원
F0081,유라리건맥축제,부산,중구,지역특산물,2023,유라리광장 일원
F0082,제33회 부산자갈치축제,부산,중구,지역특산물,1992,자갈치시장 일원
F0083,광복로 겨울빛 트리축제,부산,중구,문화예술,2009,광복로 일원
F0084,제17회 부산고등어축제,부산,서구,지역특산물,2008,송도해수욕장
F0085,부산 서구 의료관광축제,부산,서구,문화예술,2022,송도오션파크
F0086,제2회 북항 해양레저 페스타,부산,동구,자연생태,2025,북항 경관수로 및 친수공원 일원
F0087,제23회 부산차이나타운 문화축제,부산,동구,문화예술,2004,"부산역, 초량 차이나타운 일원"
F0088,제4회 웹툰이바구길축제,부산,동구,문화예술,2023,"웹툰이바구길 일원, 동구 문화플랫폼 등"
F0089,제34회 영도다리축제,부산,영도구,문화예술,1993,아미르공원 일원
F0090,2026 글로벌 영도커피페스티벌,부산,영도구,문화예술,2019,아미르공원 일원
F0091,제15회 수국꽃 문화축제,부산,영도구,자연생태,2006,태종대 일원
F0092,서면 빛 축제,부산,부산진구,문화예술,2020,서면1번가 일원
F0093,전포커피축제,부산,부산진구,문화예술,2017,전포카페거리 일원
F0094,서면메디컬스트리트축제,부산,부산진구,문화예술,2011,서면메디컬스트리트 일원
F0095,비어로드 페스티벌,부산,부산진구,문화예술,2024,"서면, 전포 일원"
F0096,제32회 동래읍성역사축제,부산,동래구,전통역사,1995,"동래문화회관, 읍성광장, 명륜1번가, 온천천카페거리 등"
F0097,제4회 온천천 빛축제,부산,동래구,문화예술,2023,동래구 온천천 일원
F0098,동래 문화교육 특구페스티벌,부산,동래구,문화예술,2018,"동래문화회관, 동래읍성광장 등"
F0099,제28회 UN평화축제,부산,남구,문화예술,1997,평화공원 일원
F0100,제4회 유엔남구 물놀이축제,부산,남구,문화예술,2023,용호별빛공원 일원
F0101,제13회 낙동강 구포나루 축제,부산,북구,문화예술,2011,화명생태공원 연꽃단지 일대
F0102,제41회 해운대 달맞이온천축제,부산,해운대구,전통역사,1983,해운대해수욕장 일원
F0103,제21회 해운대모래축제,부산,해운대구,자연생태,2005,해운대해수욕장 일원
F0104,제8회 해운대 해양레저축제,부산,해운대구,문화예술,2017,송정해수욕장 일원
F0105,제13회 해운대 빛축제,부산,해운대구,문화예술,2014,해운대해수욕장 일원
F0106,제2회 세계문화축제,부산,해운대구,문화예술,2025,해운대구 구남로
F0107,제16회 감천문화마을골목축제,부산,사하구,문화예술,2011,감천문화마을 일원
F0108,다대포 어항문화축제,부산,사하구,전통역사,2000,다대포항 위판장 일원
F0109,제4회 다대포 선셋 영화축제,부산,사하구,문화예술,2022,다대포해수욕장 일원
F0110,장림항 부네치아 아트프리마켓,부산,사하구,문화예술,2023,장림항 일원
F0111,사하예술제,부산,사하구,문화예술,2013,다대포해변공원 일원
F0112,부산국제공연예술제,부산,금정구,문화예술,2007,금정구 온천천 및 부산대학로 일원
F0113,2026 금정산성축제,부산,금정구,전통역사,1996,"금정산성광장 및 금정산성, 금성동 일원"
F0114,라라라 페스티벌,부산,금정구,문화예술,2016,부산대 지하철역 아래 온천천 일원
F0115,제7회 연제고분판타지축제,부산,연제구,전통역사,2018,온천천시민공원 일원
F0116,대저토마토축제,부산,강서구,지역특산물,2001,강서체육공원 일원
F0117,강서 낙동강30리 벚꽃축제,부산,강서구,자연생태,2015,대저생태공원 일원
F0118,명지시장전어축제추진위원회,부산,강서구,지역특산물,2001,명지시장 일원
F0119,제24회 광안리어방축제,부산,수영구,전통역사,2001,"광안리해변, 수영사적공원"
F0120,Fall in Gwangalli,부산,수영구,문화예술,2025,광안리해변
F0121,제23회 사상강변축제,부산,사상구,문화예술,2001,삼락생태공원 문화마당 일원
F0122,2026년 낙동강정원 벚꽃축제,부산,사상구,문화예술,2009,삼락생태공원 낙동제방 벚꽃길 일원
F0123,기장웰니스관광축제(가칭),부산,기장군,문화예술,2026,임랑해수욕장 및 장안읍 일원
F0124,일광바다축제(갯마을&낭만가요제),부산,기장군,문화예술,2026,일광해수욕장 일원
F0125,제12회 정관생태하천학습문화축제,부산,기장군,문화예술,2012,"정관읍 좌광천 일원 중앙공원, 윗골공원 구목적공원"
F0126,기장미역다시마축제,부산,기장군,지역특산물,2010,이동항 일원
F0127,제30회 기장멸치축제,부산,기장군,지역특산물,1997,대변항 일원
F0128,제20회 기장붕장어축제,부산,기장군,지역특산물,2004,칠암항 일원
F0129,제16회 철마한우불고기축제,부산,기장군,지역특산물,2005,철마도시농업공원(개좌로 797-23번지)일원
F0130,대구생활문화제,대구,중구,문화예술,2014,국채보상기념공원
F0131,제20회 대구국제뮤지컬페스티벌,대구,,문화예술,2007,대구시 일원
F0132,제23회 대구국제오페라축제,대구,,문화예술,2013,대구시 일원
F0133,형형색색 달구벌 관등놀이,대구,,전통역사,2013,"대구전역 (달구벌점등식, 연등회 및 연등행렬)"
F0134,제16회 팔공산 산중전통장터 승시 축제,대구,동구,전통역사,2010,동화사 일원
F0135,2026 대구치맥페스티벌,대구,달서구,지역특산물,2013,두류공원 일원
F0136,제48회 대구약령시 한방문화축제,대구,중구,전통역사,1978,중구 약령시 일원
F0137,제2회 동성로 타임워프 페스타,대구,중구,문화예술,2025,동성로 일원
F0138,대구국가유산야행,대구,중구,문화예술,2016,청라언덕 일원
F0139,제37회 동성로축제,대구,중구,문화예술,1990,동성로 일원
F0140,제13회 방천아트페스티벌,대구,중구,문화예술,2014,방천시장 및 김광석다시그리기길 일원
F0141,제21회 대구패션주얼리위크,대구,중구,문화예술,2006,대구패션주얼리특구 일원(동성로~교동 일원)
F0142,서문시장글로벌대축제,대구,중구,전통역사,1997,서문시장 일대
F0143,교동시장한마음축제,대구,중구,전통역사,2011,교동시장 일대
F0144,2026년 제15회 팔공산 벚꽃축제,대구,동구,자연생태,2009,팔공산 동화지구 분수대 광장 일원
F0145,2026년 동구 여름축제 '두두썸동',대구,동구,자연생태,2025,금호강 둔치 일원(미정)
F0146,2026년 제25회 팔공산 단풍축제,대구,동구,자연생태,1999,팔공산 갓바위 시설지구 일원
F0147,달구벌목민관 부임마을축제,대구,서구,전통역사,2015,"북비산네거리, 구민운동장 일대"
F0148,제31회 대덕제 「2026대구앞산축제」,대구,남구,문화예술,1987,남구구민체육광장 일원
F0149,2026 앞산 크리스마스축제,대구,남구,문화예술,2023,앞산빨래터공원 일원
F0150,2026 금호강 바람소리길 축제,대구,북구,문화예술,2015,산격대교 하단 일원
F0151,제6회 떡볶이 페스티벌,대구,북구,문화예술,2021,대구iM뱅크PARK 일원
F0152,2026 수성못페스티벌,대구,수성구,문화예술,2008,수성못 일원
F0153,대구 비어&뮤직 페스티벌,대구,수성구,주민화합,2022,수성못 상화동산
F0154,제8회 수성빛예술제,대구,수성구,문화예술,2019,수성못 일원
F0155,장미꽃 필 무렵,대구,달서구,자연생태,2016,이곡장미공원
F0156,희망달서 대축제,대구,달서구,주민화합,2013,달서아트센터 일원
F0157,선사문화체험축제,대구,달서구,전통역사,2014,선돌마당공원
F0158,2026년 제3회 두류젊코축제,대구,달서구,문화예술,2024,두류젊코 상권활성화 구역 일원(두류동)
F0159,제30회 비슬산 참꽃 문화제,대구,달성군,문화예술,1997,국립대구과학관 및 비슬산휴양림 일원
F0160,YES! 키즈존,대구,달성군,문화예술,2023,국립대구과학관 일원
F0161,제5회 군위 바비큐 축제,대구,군위군,문화예술,2022,삼국유사테마파크
F0162,2026년 인천대공원 벚꽃축제,인천,남동구,문화예술,2003,인천대공원
F0163,제21회 인천 펜타포트 음악축제,인천,연수구,문화예술,2006,송도 달빛축제공원
F0164,제2회 1883 짜장면 축제,인천,중구,지역특산물,2025,개항장 및 차이나타운
F0165,제11회 인천개항장 국가유산 야행,인천,중구,문화예술,2016,개항장 문화지구
F0166,차이나는 개항 페스타,인천,중구,문화예술,2025,상상플랫폼 및 개항장 일원
F0167,송도세계문화 관광축제,인천,연수구,문화예술,2011,송도 달빛축제공원
F0168,강화별밤야행,인천,강화군,전통역사,2018,용흥궁공원
F0169,강화 화개정원 축제,인천,강화군,자연생태,2022,화개정원 일원
F0170,삼랑성 역사문화축제,인천,강화군,전통역사,2001,전등사
F0171,주섬주섬 음악회,인천,옹진군,문화예술,2017,덕적면 서포리 해수욕장
F0172,제1회 인천 쌀 문화축제,인천,중구,지역특산물,2026,중구 상상플랫폼
F0173,2026년 인천 농특산물 문화축제,인천,중구,지역특산물,2023,중구 상상플랫폼
F0174,영종국제도시 글로벌 문화축제,인천,중구,문화예술,2022,영종씨사이드파크
F0175,제37회 화도진축제,인천,동구,주민화합,1990,동인천역북광장 및 화도진공원
F0176,제4회 배다리축제,인천,동구,주민화합,2023,배다리 일원
F0177,제23회 미추홀미디어문화축제,인천,미추홀구,문화예술,2004,미정
F0178,제6회 수봉산 페스티벌,인천,미추홀구,문화예술,2021,수봉공원 일원
F0179,2026 새봄맞이 한마음 축제,인천,연수구,주민화합,2024,연수한마음공원 일원
F0180,2026 제7회 송도해변축제,인천,연수구,주민화합,2016,송도달빛공원 일원
F0181,2026 제14회 연수 능허대 문화축제,인천,연수구,전통역사,2004,연수한마음공원 일원
F0182,2026 크리스마스트리 문화축제,인천,연수구,주민화합,2023,연수구청 본청 및 제2청사 광장
F0183,제26회 소래포구축제,인천,남동구,자연생태,2001,소래포구 일원
F0184,2026년 제30회 부평풍물대축제,인천,부평구,문화예술,1997,부평대로 및 신트리공원 등
F0185,제4회 계양아라온 워터축제,인천,계양구,주민화합,2023,계양아라온 북단 일원
F0186,제31회 서곶문화예술제,인천,서구,문화예술,1996,인천서구문화회관 일원
F0187,2026년 정서진 해넘이 행사,인천,서구,자연생태,2011,정서진 아라빛섬 일원
F0188,아트피크닉,광주,,문화예술,2016,중외공원 등 광주광역시 일원
F0189,대인예술시장,광주,동구,문화예술,2008,대인시장
F0190,2026 광주스트릿컬처페스타,광주,동구,문화예술,2023,국립아시아문화전당 일원
F0191,제16회 광주비엔날레,광주,북구,문화예술,1995,비엔날레전시관
F0192,2026 광주프린지페스티벌,광주,남구,문화예술,2016,5·18민주광장 및 금남로 일대
F0193,제33회 광주김치축제,광주,서구,지역특산물,1994,광주광역시청(미정)
F0194,2026년 빛고을 사랑나눔 김장대전,광주,남구,주민화합,2014,광주김치타운 다목적체험관
F0195,2026년 금남로 차 없는 거리 '걷자잉',광주,동구,주민화합,2025,전일빌딩 245 ~ 금남로 공원 일대
F0196,라온페스타,광주,동구,문화예술,2022,"전일빌딩 245 ~ 금남로 공원 일대, 충장로1~5가 일원"
F0197,국가유산 야행,광주,동구,전통역사,2017,5·18민주광장 일원
F0198,제4회 동구 무등산 인문축제,광주,동구,문화예술,2023,무등산증심사지구 일원
F0199,제23회 광주 추억의 충장축제,광주,동구,문화예술,2004,"금남로, 충장로, 518민주광장 등 동구 일원"
F0200,제5회 광주 버스킹 월드컵,광주,동구,문화예술,2022,"5·18민주광장, ACC 등 동구일원"
F0201,제11회 광주서창억새축제,광주,서구,자연생태,2015,영산강 극락교 ~ 서창교 일원
F0202,제4회 양동통맥축제,광주,서구,주민화합,2023,"양동전통시장 일원[((구)6번로, 태평교 등]"
F0203,제43회 고싸움놀이축제,광주,남구,전통역사,1983,고싸움놀이전수교육관 일원
F0204,인문학축제 제15회 굿모닝양림,광주,남구,문화예술,2011,양림동 일원
F0205,제11회 양림&크리스마스문화축제,광주,남구,문화예술,2016,양림동 일원
F0206,제4회 광산뮤직ON페스티벌,광주,광산구,문화예술,2023,황룡친수공원 일원
F0207,제4회 2026 대전 0시 축제,대전,중구,문화예술,2023,중앙로(대전역~옛충남도청) 및 원도심 일원
F0208,제29회 대전사이언스페스티벌,대전,유성구,문화예술,2000,대전컨벤션센터(DCC) 일원
F0209,2026 대전 동구동락 축제,대전,동구,주민화합,2023,소제동 동광장로 및 대동천 일원
F0210,제4회 중앙시장 주말축제 야시장 동구夜놀자,대전,동구,문화예술,2023,중앙시장 화월통 일원
F0211,달빛 야외도서관,대전,동구,문화예술,2024,동구청 잔디광장(동구청로 147)
F0212,대청동 마을화합 벚꽃 축제,대전,동구,주민화합,2026,대청호 벚꽃한터 일원(신상동 282)
F0213,제17회 대전효문화뿌리축제,대전,중구,문화예술,2008,뿌리공원 및 원도심 일원
F0214,제2회 대전 중구 미술축제,대전,중구,문화예술,2025,대흥동 문화예술의거리 일원
F0215,대전 중구 국가유산 야행,대전,중구,전통역사,2026,"원도심 일원(대흥동, 선화동)"
F0216,2026년 중구 북페스티벌,대전,중구,문화예술,2024,"원도심 일원(대흥동, 선화동)"
F0217,2026 대전 서구 아트페스티벌,대전,서구,문화예술,2016,샘머리공원 및 보라매공원 일원
F0218,0시 축제와 함께하는 갑천썸머뮤직페스티벌(가칭),대전,서구,주민화합,2026,갑천생태호수공원
F0219,제16회 갑천누리길 녹색체험여행,대전,서구,자연생태,2011,노루벌적십자생태원(대전 서구 흑석동 산 95-1)
F0220,2026 유성온천문화축제,대전,유성구,문화예술,1989,유성구 유림공원
F0221,2026 유성재즈&맥주 페스타,대전,유성구,문화예술,2022,유성구 유림공원
F0222,2026 유성온천 크리스마스축제,대전,유성구,문화예술,2022,유성구 유림공원
F0223,제17회 유성국화축제,대전,유성구,자연생태,2010,"유림공원, 유성천 일원"
F0224,2026 대덕물빛축제,대전,대덕구,문화예술,2011,대청공원 일원
F0225,2026 대덕거리 페스티벌,대전,대덕구,문화예술,2019,골목상권 3개소(미정)
F0226,2026년 제10회 장동계족산 코스모스축제,대전,대덕구,자연생태,2014,장동만남공원일원
F0227,2026 대전 빵축제,대전,,문화예술,2021,미정
F0228,2026 아티언스 대전,대전,유성구,문화예술,2011,국립중앙과학관
F0229,문화유산 달빛축제,대전,동구,전통역사,2017,우암사적공원 일원
F0230,2026 울산공업축제,울산,남구,주민화합,1967,태화강국가정원 남구둔치 등 울산전역
F0231,2026 제18회 울산대공원 장미축제,울산,남구,자연생태,2006,울산대공원 장미원 및 남문광장 일원
F0232,태화강 억새나들이,울산,북구,자연생태,2023,태화강 명촌 억새군락지
F0233,정원생태문화축제,울산,중구,자연생태,2023,태화강 버드나무광장
F0234,2026 태화강국가정원 봄꽃축제,울산,중구,자연생태,2012,태화강국가정원
F0235,2026 태화강국가정원 가을축제,울산,중구,자연생태,2018,태화강국가정원
F0236,2026 울산미래정원 페스티벌,울산,중구,문화예술,2026,태화강국가정원
F0237,2026 울산청년주간,울산,,문화예술,2021,미정
F0238,울산뮤직페스티벌(舊울산서머페스티벌),울산,남구,문화예술,2003,태화강 남구 둔치
F0239,울산태화강 대숲납량축제,울산,중구,문화예술,2007,태화강 국가정원
F0240,울산아시아퍼시픽뮤직미팅(울산 에이팜),울산,,문화예술,2012,미정
F0241,2026 울산 미식대향연,울산,남구,지역특산물,2010,태화강국가정원 남구 4둔치
F0242,태화강마두희축제,울산,중구,전통역사,2014,성남동 및 태화강변
F0243,태화강국제재즈음악제,울산,중구,문화예술,2013,태화강국가정원 야외공연장
F0244,제20회 성남동 눈꽃축제,울산,중구,주민화합,2006,성남동 원도심 일원
F0245,워터버블페스티벌,울산,중구,주민화합,2014,젊음의거리 일원
F0246,2026 성남동 커피페스티벌,울산,중구,문화예술,2023,중구 성남동 문화의 거리 일원
F0247,울산고래축제,울산,남구,문화예술,1995,장생포고래문화특구 일원
F0248,장생포 한여름 밤의 호러페스티벌,울산,남구,문화예술,2021,고래문화마을 일원
F0249,제5회 장생포 수국 페스티벌,울산,남구,자연생태,2022,고래문화마을 일원
F0250,궁거랑 벚꽃 한마당,울산,남구,문화예술,2009,무거천 일원
F0251,제2회 MOONLIGT FESTIVAL,울산,남구,문화예술,2025,태화강 남구 둔치
F0252,제12회 강변영화제,울산,남구,문화예술,2015,태화강 남구 둔치
F0253,제18회 울산조선해양축제,울산,동구,주민화합,2009,일산해수욕장 일원
F0254,제22회 쇠부리축제,울산,북구,문화예술,2005,"달천철장, 북구청 광장"
F0255,언양 한우불고기 축제,울산,울주군,지역특산물,1999,미정
F0256,울산 배 축제,울산,울주군,지역특산물,1992,울산원예농협 본점 일원
F0257,울주해양레포츠 대축전,울산,울주군,자연생태,2022,진하해수욕장
F0258,간절곶해맞이축제,울산,울주군,문화예술,2000,서생면 간절곶 일원
F0259,울산울주세계산악영화제,울산,울주군,문화예술,2016,상북면 복합웰컴센터 일원
F0260,제26회 울산옹기축제,울산,울주군,전통역사,2001,외고산 옹기마을 일원
F0261,2026년 세종전의 조경수 묘목축제,세종,세종,지역특산물,2006,전의면 묘목플랫폼 일원
F0262,2026년 조치원 봄꽃축제,세종,세종,주민화합,2019,조치원읍 일원
F0263,한글 책 사랑 축제(가칭),세종,세종,문화예술,2026,세종중앙공원
F0264,제24회 세종 조치원복숭아 축제,세종,세종,지역특산물,2003,세종시민운동장 일원(조치원읍)
F0265,2026 세종한글축제,세종,세종,문화예술,2013,세좋호수공원 일원
F0266,2026 세종보헤미안뮤직페스티벌,세종,세종,문화예술,2022,세종중앙공원 도시축제마당
F0267,장군산 구절초 꽃 축제,세종,세종,자연생태,1999,영평사 일원
F0268,2026 수원연극축제,경기,수원시,문화예술,1996,경기상상캠퍼스
F0269,2026 수원 국가유산 야행,경기,수원시,전통역사,2017,"화홍문, 방화수류정 일원"
F0270,2026 수원재즈페스티벌,경기,수원시,문화예술,2014,광교호수공원 일원
F0271,제63회 수원화성문화제,경기,수원시,전통역사,1964,수원화성 일원
F0272,2026 수원화성 미디어아트,경기,수원시,문화예술,2021,수원화성 일원
F0273,2026 만석거 새빛축제,경기,수원시,문화예술,2024,만석거 일원
F0274,제26회 용인사이버과학축제,경기,용인시,주민화합,2001,용인미르스타디움
F0275,제2회 김량장 페스티벌,경기,용인시,주민화합,2025,용인중앙시장 일원
F0276,대한민국 조아용 캐릭터 축제,경기,용인시,주민화합,1996,미르스타디움(예정)
F0277,제22회 포은문화제,경기,용인시,전통역사,2003,모현읍 포은 정몽주선생 묘역
F0278,제11회 백암 백중문화제,경기,용인시,주민화합,2011,백암면 행정복지센터 일원
F0279,도농어울림행사,경기,용인시,주민화합,2014,용인농촌테마파크
F0280,2026 행주가 예술이야,경기,고양시,문화예술,2021,행주산성
F0281,제16회 화성 뱃놀이 축제,경기,화성시,문화예술,2008,전곡항 일원
F0282,2026 성남페스티벌,경기,성남시,문화예술,2023,성남일원
F0283,제12회 복정 어울림 빛 축제,경기,성남시,주민화합,2012,복정동 분수광장
F0284,제29회 부천국제만화축제,경기,부천시,문화예술,1998,한국만화박물관 일원
F0285,제10회 경기국제코스프레페스티벌,경기,부천시,문화예술,2017,한국만화박물관 일원
F0286,제30회 부천국제판타스틱영화제,경기,부천시,문화예술,1997,부천아트센터 등 부천시 권역
F0287,제28회 국제애니메이션페스티벌,경기,부천시,문화예술,1999,한국만화박물관 등
F0288,2026년 부천페스타(B-festa)-봄꽃여행,경기,부천시,문화예술,2025,부천종합운동장
F0289,제41회 부천복사골예술제,경기,부천시,문화예술,1985,시청 잔디광장 등 6개소
F0290,(영화제 연계) 위조이 치맥 축제,경기,부천시,주민화합,2024,시청 잔디광장
F0291,제5회 부천건축문화제,경기,부천시,문화예술,2022,한국만화박물관(예정)
F0292,제26회 부천 원미산 진달래축제,경기,부천시,자연생태,2001,원미산 진달래동산
F0293,제28회 도당산 벚꽃축제,경기,부천시,자연생태,1999,도당산 일원
F0294,제40회 다산정약용문화제,경기,남양주시,전통역사,1986,정약용유적지 및 다산생태공원
F0295,제21회 광릉숲축제,경기,남양주시,자연생태,2005,광릉숲
F0296,빛의 속삭임과 함께하는 물맑음수목원 반딧불이 체험,경기,남양주시,자연생태,2025,물맑음수목원 일원
F0297,제22회 안산국제거리극축제,경기,안산시,문화예술,2005,안산문화광장
F0298,제29회 성호문화제,경기,안산시,문화예술,1996,성호공원 및 이익선생묘 일원
F0299,제40회 별망성예술제,경기,안산시,문화예술,1987,안산선부광장
F0300,제7회 김홍도축제,경기,안산시,전통역사,2018,화랑유원지
F0301,2026년 안산 대부포도축제,경기,안산시,지역특산물,1995,대부바다향기테마파크
F0302,제4회 음식문화제,경기,안산시,문화예술,2019,화랑유원지 일원
F0303,2026 안산사이언스밸리(ASV)과학축제,경기,안산시,문화예술,2012,한양대학교ERICA 민주광장 일대
F0304,2026 안양충훈벚꽃축제,경기,안양시,자연생태,2003,충훈벚꽃길 일대(충훈2교 및 석수로)
F0305,제35회 안양예술제,경기,안양시,문화예술,1992,평촌중앙공원
F0306,2026 안양건축문화제,경기,안양시,문화예술,2018,김중업건축박물관
F0307,제23회 안양스마T움축제,경기,안양시,주민화합,2002,안양체육관 일원
F0308,안양 음식문화축제,경기,안양시,문화예술,2013,평촌중앙공원 다목적 운동장
F0309,2026 안양춤축제,경기,안양시,문화예술,2000,"평촌중앙공원, 삼덕공원"
F0310,안양1번가 넘버원 페스티벌,경기,안양시,주민화합,2023,안양1번가 일원
F0311,제33회 물왕예술제,경기,시흥시,문화예술,1992,"목감 산현공원, 배곧 생명공원"
F0312,거북섬 써머비트 페스티벌,경기,시흥시,문화예술,2025,거북섬 일원
F0313,제21회 시흥갯골축제,경기,시흥시,자연생태,2005,시흥갯골생태공원
F0314,연성문화제,경기,시흥시,전통역사,1989,연꽃테마파크
F0315,제18회 평생학습축제,경기,시흥시,주민화합,2006,ABC행복학습타운
F0316,파주출판도시 어린이 책잔치,경기,파주시,문화예술,2003,파주출판도시 일원
F0317,2026 파주포크페스티벌,경기,파주시,문화예술,2011,임진각 평화누리공원 일원
F0318,DMA국제다큐멘터리영화제,경기,파주시,문화예술,2009,임진각 평화누리 공연장
F0319,제8회 운정호수공원 불꽃축제,경기,파주시,문화예술,2017,운정호수공원 일대
F0320,2026 헤이리 판 페스티벌,경기,파주시,문화예술,2006,헤이리 예술마을
F0321,파주 페어 북앤컬처,경기,파주시,문화예술,2024,파주출판도시 일원
F0322,제36회 율곡문화제,경기,파주시,전통역사,1987,자운서원
F0323,제18회 문산거리축제,경기,파주시,주민화합,2005,문산천 노을길
F0324,금촌거리문화 축제,경기,파주시,문화예술,2004,금촌통일시장
F0325,제21회 파주개성인삼축제,경기,파주시,지역특산물,2005,임진각광장
F0326,제30회 파주장단콩축제,경기,파주시,지역특산물,1997,임진각광장
F0327,법원읍 달달한 희망 빛 축제,경기,파주시,주민화합,,법원읍 대능리 225
F0328,김포 벚꽃축제,경기,김포시,문화예술,2025,김포 계양천(김포본동-사우동 구간) 일원
F0329,김포 아라마린페스티벌,경기,김포시,문화예술,2016,김포 아라마리나 일원
F0330,제25회 의정부음악극축제,경기,의정부시,문화예술,2002,시청앞 광장
F0331,제8회 BMF,경기,의정부시,문화예술,2018,시청앞 광장
F0332,제41회 회룡문화제,경기,의정부시,문화예술,1987,의정부시 일원(미정)
F0333,제4회 문화도시 정책페스타,경기,의정부시,문화예술,2023,의정무예술의전당(예정)
F0334,제4회 가능야식해,경기,의정부시,주민화합,2023,가능역 일원
F0335,제5회 민락맥주축제,경기,의정부시,주민화합,2022,민락2지구 로데오광장 일원
F0336,제19회 의정부부대찌개축제,경기,의정부시,지역특산물,2008,의정부 부대찌개거리 일원
F0337,제31회 광주시 남한산성문화제,경기,광주시,전통역사,1996,남한산성도립공원 일원
F0338,제29회 광주왕실도자페스티벌,경기,광주시,전통역사,1997,곤지암도자공원 일원
F0339,제24회 퇴촌토마토거리축제,경기,광주시,지역특산물,2003,퇴촌면 광동로 일원
F0340,2026 하남이성산성문화제,경기,하남시,전통역사,1989,하남이성산성 일원
F0341,제9회 양주 회암사지 왕실축제,경기,양주시,전통역사,2017,회암사지
F0342,양주국가유산 야행,경기,양주시,전통역사,2020,양주 관아지 일원
F0343,제8회 양주 천만송이 천일홍 축제,경기,양주시,자연생태,2017,양주나리농원 및 고읍시가지 일원
F0344,2026 경기ㆍ양주ㆍ지작사 드론봇 페스티벌,경기,양주시,주민화합,2022,광적면 가납리ㆍ석우리 일원(가납리비행장 내)
F0345,페스티벌 광명,경기,광명시,문화예술,2022,철산 상업지구 일대
F0346,2026년 제4회 광명동굴 빛 축제,경기,광명시,문화예술,2023,광명동굴 일대
F0347,광명 봄꽃축제,경기,광명시,자연생태,2025,한내천 및 소하 상업지구 일대
F0348,광명마당극축제,경기,광명시,문화예술,2024,광명시민운동장 일대
F0349,제23회 광명시평생학습축제,경기,광명시,주민화합,2002,평생학습원 일대
F0350,2026 오(oh)! 해피 장미빛축제,경기,오산시,문화예술,2025,고인돌공원
F0351,2026 오(oh)! 해피 산타 마켓,경기,오산시,문화예술,2023,오산역 광장
F0352,제13회 야맥축제,경기,오산시,주민화합,2016,오산오색시장 일원
F0353,군포철쭉축제,경기,군포시,자연생태,2011,"철쭉동산, 철쭉공원 등"
F0354,제40회 이천도자기축제,경기,이천시,문화예술,1987,이천도자예술마을 일원
F0355,2026 이천펫축제,경기,이천시,주민화합,2023,이천도자예술마을
F0356,제12회 이천인삼축제,경기,이천시,지역특산물,2015,이천인삼판매센터
F0357,제30회 장호원 햇사레복숭아축제,경기,이천시,지역특산물,1997,장호원농산물유통센터 (장호원읍 서동대로 8759번길117)
F0358,제15회 이천시 주민자치평생학습축제,경기,이천시,주민화합,2005,이천시청광장
F0359,제25회 이천쌀문화축제,경기,이천시,지역특산물,1996,이천농업테마공원
F0360,제27회 이천 백사 산수유꽃축제,경기,이천시,자연생태,2000,백사면 도립1리 일원
F0361,2026 서희외교문화제,경기,이천시,문화예술,2017,서희테마파크 (무촌로18번길 130)
F0362,제40회 설봉문화제,경기,이천시,문화예술,1987,경기도자미술관 앞 잔디마당
F0363,2026 이천 첨단방산드론 대전,경기,이천시,문화예술,2025,이천시종합운동장
F0364,안성맞춤 남사당 바우덕이축제,경기,안성시,전통역사,2001,안성맞춤랜드 및 안성천
F0365,안성맞춤포도축제,경기,안성시,지역특산물,2007,서운면 일원
F0366,죽주대고려문화축제,경기,안성시,전통역사,2004,동안성시민복지센터 일원
F0367,2026 구리 유채꽃 축제,경기,구리시,문화예술,2001,구리한강시민공원
F0368,2026 구리 코스모스 축제,경기,구리시,문화예술,2001,구리한강시민공원
F0369,동구릉 힐링예술제,경기,구리시,문화예술,2023,동구릉
F0370,2026 구리 빛 축제,경기,구리시,문화예술,2023,미정
F0371,2026 마신는 구리 축제,경기,구리시,지역특산물,2023,구리광장(미정)
F0372,구리전통시장 거리축제,경기,구리시,문화예술,2006,구리전통시장
F0373,제20회 구리시 평생학습축제,경기,구리시,문화예술,2006,미정
F0374,제29회 포천 산정호수 명성산 억새꽃축제,경기,포천시,문화예술,1997,산정호수 호수광장
F0375,제2회 포천 한탄강 봄 가든페스타,경기,포천시,자연생태,2024,한탄강 생태경관단지
F0376,제3회 포천 한탄강 가을 가든페스타,경기,포천시,자연생태,2024,한탄강 생태경관단지
F0377,제2회 반려동물 봄 관광축제(펫스타),경기,포천시,문화예술,2025,한탄강 생태경관단지
F0378,제3회 반려동물 가을 관광축제(펫스타),경기,포천시,문화예술,2025,한탄강 생태경관단지
F0379,제22회 포천 백운계곡 동장군 축제,경기,포천시,주민화합,2004,백운계곡 일원
F0380,제14회 포천 한우 축제,경기,포천시,지역특산물,2012,한탄강 생태경관단지
F0381,제16회 양평용문산 산나물축제,경기,양평군,지역특산물,2008,용문산관광지
F0382,제4회 우리밀 축제,경기,양평군,지역특산물,2023,청운면 일원
F0383,제4회 겨울엔 양평,경기,양평군,주민화합,2023,양평군 일원
F0384,2026 지역문화박람회,경기,양평군,문화예술,2023,양강섬 일원
F0385,2026년 청소년 영화제,경기,양평군,문화예술,2023,양평군 일원
F0386,제9회 갈산누리봄축제,경기,양평군,주민화합,2017,양평생활체육공원 일원
F0387,용천3리 벚꽃길 걷기 및 작은음악회,경기,양평군,주민화합,2010,옥천면 용천3리 일원
F0388,제27회 양평단월고로쇠축제,경기,양평군,지역특산물,1999,단월레포츠공원 일원
F0389,2026 양평수박축제,경기,양평군,지역특산물,2025,청운용두시장 일원
F0390,제7회 양평부추축제,경기,양평군,지역특산물,2016,양동역 일원
F0391,제3회 지평전통발효축제,경기,양평군,지역특산물,2023,지평면사무소 앞 광장 및 시장 일원
F0392,제23회 양평산수유한우축제,경기,양평군,지역특산물,2004,개군면 시가지 일원
F0393,제5회 여주선비장터축제,경기,여주시,지역특산물,2018,가남읍 태평리 110-19 일원
F0394,제4회 싸리산 축제,경기,여주시,주민화합,2023,여주시민공원(현암동637-112번지)
F0395,제4회 여주 대심섬 축제,경기,여주시,자연생태,2023,대신섬 일원
F0396,제4회 강천섬 힐링 문화축제,경기,여주시,문화예술,2023,강천섬 일원
F0397,제10회여주흥천남한강벚꽃축제,경기,여주시,자연생태,2017,흥천면 귀백리 168-3번지 일원
F0398,제21회 산북품실축제,경기,여주시,주민화합,2004,산북면체육공원
F0399,제38회 여주도자기축제,경기,여주시,지역특산물,1990,신륵시관광지 일원
F0400,2026 여주오곡나루축제,경기,여주시,전통역사,1998,신륵시관광지 일원
F0401,제2회 북내 삼색별미축제,경기,여주시,주민화합,2025,북내면 당우리 일원
F0402,제20회 금사참외축제,경기,여주시,지역특산물,2007,금사근린공원 일원
F0403,제2회 중앙동 청심문화축제,경기,여주시,문화예술,2025,하동 제일시장 공영주차장
F0404,의왕백운호수축제,경기,의왕시,문화예술,2001,의왕백운호수공원
F0405,제26회 동두천 락 페스티벌,경기,동두천시,문화예술,1999,신천교 하부 특설무대
F0406,제7회 도심재생 야간축제 (2026년 헬로 DDC 페스티벌),경기,동두천시,문화예술,2017,보산동 관광특구
F0407,2026 과천공연예술축제,경기,과천시,문화예술,1997,과천시민광장(시민회관 옆 잔디마당 및 운동장)
F0408,2026 Colorful Garden 자라섬 꽃 페스타(봄),경기,가평군,문화예술,2020,자라섬
F0409,2026 Colorful Garden 자라섬 꽃 페스타(가을),경기,가평군,문화예술,2020,자라섬
F0410,제3회 재즈페스티벌 in 가평,경기,가평군,문화예술,2024,"잣고을 광장, 가평읍 시내, 자라섬 서도 등"
F0411,제23회 자라섬재즈페스티벌,경기,가평군,문화예술,2004,자라섬
F0412,제33회 연천 구석기 축제,경기,연천군,전통역사,1993,연천 전곡리 유적
F0413,2026년 임진강 댑싸리정원 개장,경기,연천군,자연생태,2021,임진강 댑싸리정원
F0414,제5회 연천 당포성 별빛축제,경기,연천군,자연생태,2022,동이리 당포성 일원
F0415,제11회 연천장남 통일바라기 축제,경기,연천군,자연생태,2014,장남면 호로고루 일원
F0416,제8회 연천국화축제,경기,연천군,자연생태,2019,연천 전곡리 유적
F0417,제5회 연천율무축제(농특산물 큰장터),경기,연천군,지역특산물,2016,연천 전곡리 유적
F0418,춘천막국수닭갈비축제,강원,춘천시,지역특산물,2008,공지천 수변 산책로 일원
F0419,춘천호수정원페스타,강원,춘천시,문화예술,2025,춘천시 관내
F0420,온가족 웃음찾기 개그쇼,강원,춘천시,문화예술,2023,"인형극장, 남부 노인복지회관 등"
F0421,춘천연극페스티벌(신규),강원,춘천시,문화예술,2026,"축제극장 몸짓, 춘천인형극장 등"
F0422,제 33회 봄내예술제,강원,춘천시,문화예술,1995,호반광장 외 춘천일대
F0423,제38회 춘천마임축제,강원,춘천시,문화예술,1989,"축제극장몸짓, 레고랜드코리아 주차장 등"
F0424,2026 의병축제,강원,춘천시,전통역사,2019,공지천 의암공원 일대
F0425,춘천연극제,강원,춘천시,문화예술,1993,"봄내극장, 대원당, 농협 엔타 등 춘천 관내 일원"
F0426,춘천아트페어 아르로드 R.OAD,강원,춘천시,문화예술,2024,옥천동 일대
F0427,춘천영화제,강원,춘천시,문화예술,2022,"메가박스 남춘천점, 춘천예술촌"
F0428,2026 공연예술제,강원,춘천시,문화예술,2001,춘천시 일대
F0429,춘천 오페라 페스티벌,강원,춘천시,문화예술,2022,춘천KT&G상상마당 야외공연장
F0430,춘천인형극제,강원,춘천시,문화예술,1989,춘천인형극장(영서로 3017) 및 관내 일원
F0431,2026 온세대합창페스티벌,강원,춘천시,문화예술,2017,KT&G 상상마당 춘천 및 공지천 아외공연장
F0432,이디오피아길 세계축제 및 메스칼 페스티벌,강원,춘천시,문화예술,2026,미정
F0433,2026 제29회 춘천국제고음악제,강원,춘천시,문화예술,1997,춘천시 일대
F0434,춘천커피축제,강원,춘천시,문화예술,2025,공지천 산책로 일대(온의동 586일대)
F0435,지역명품페스타,강원,춘천시,문화예술,2013,봄내극장 등 춘천시 일대
F0436,2026 춘천 반려동물 페스티벌,강원,춘천시,문화예술,2021,서면 애니메이션박물관 일원
F0437,2026년 제5회 강원한우데이,강원,춘천시,지역특산물,2022,시청광장 일대
F0438,2026 대한민국 독서대전,강원,춘천시,문화예술,2026,공지천 유원지 등 춘천시 일원
F0439,제6회 춘천 술 페스타,강원,춘천시,문화예술,2021,KT&G 상상마당 일원
F0440,춘천 애니토이페스티벌,강원,춘천시,문화예술,1997,"서면 애니타운 일원(애니메이션박물관, 토이로봇관)"
F0441,2026 춘천 썸머워터 페스티벌,강원,춘천시,문화예술,2025,삼천동 일원
F0442,춘천 감자페스타,강원,춘천시,지역특산물,2024,신북 샘밭장터 일원
F0443,춘천호수 드론라이트쇼,강원,춘천시,문화예술,2023,춘천 의암호 일원
F0444,서면 호수별빛 페스타,강원,춘천시,문화예술,2026,서면 호수별빛 페스타
F0445,2026 댄싱카니발,강원,원주시,문화예술,2011,원주댄싱공연장 일원
F0446,원주 한지문화제,강원,원주시,문화예술,1999,원주한지테마파크 일원
F0447,용수골꽃양귀비축제,강원,원주시,자연생태,2008,용수골꽃농장
F0448,장미축제,강원,원주시,자연생태,1999,장미공원
F0449,섬강축제,강원,원주시,주민화합,1997,간현유원지 제2주차장 일원
F0450,신월랑달빛축제,강원,원주시,주민화합,2024,행구동 수변공원 일원
F0451,혁신도시 상생마켓,강원,원주시,주민화합,2024,혁신미리내광장 일원
F0452,혁신페스타,강원,원주시,주민화합,2024,혁신미리내광장 일원
F0453,혁신도시 미리내야행,강원,원주시,주민화합,2025,혁신미리내광장 일원
F0454,2026 원주라면축제,강원,원주시,주민화합,2025,댄싱공연장 주차장 상설공연장
F0455,2026 원주만두축제,강원,원주시,지역특산물,2023,중앙동 전통시장 일원
F0456,원주문화의거리 치맥축제,강원,원주시,주민화합,2015,중앙동 문화의 거리 일원
F0457,제12회 치악산한우 축제,강원,원주시,지역특산물,2015,댄싱공연장 일원
F0458,제32회 국제걷기대회,강원,원주시,문화예술,1996,원주시 일원(주행사장: 원주댄싱공연장)
F0459,제25회치악산 복숭아 축제,강원,원주시,지역특산물,2001,원주댄싱공연장
F0460,제5회 치악산 고구마축제,강원,원주시,지역특산물,2022,간현관광지 일원
F0461,제14회 치악산 찰옥수수 축제,강원,원주시,지역특산물,2013,농민문화 회관 일원
F0462,제63회 농업인의 날 삼토 페스티벌,강원,원주시,전통역사,2005,원주종합운동장 일원
F0463,경포 벚꽃 축제,강원,강릉시,자연생태,1993,경포호 및 경포대 일원
F0464,솔올블라썸,강원,강릉시,자연생태,2023,교1동 일원
F0465,남산 벚꽃 축제,강원,강릉시,자연생태,2009,남산공원 일원
F0466,강릉 차문화 축제,강원,강릉시,문화예술,2023,강릉오죽한옥마을
F0467,강릉단오제,강원,강릉시,전통역사,,강릉 남대천 일원
F0468,강릉 비치비어 페스티벌,강원,강릉시,문화예술,2019,경포해변 일원
F0469,강릉 버스킹 전국대회,강원,강릉시,문화예술,2024,경포해변 일원
F0470,경포 썸머 페스티벌,강원,강릉시,문화예술,1997,경포해변 일원
F0471,주문진 해변축제,강원,강릉시,자연생태,2004,주문진해수욕장
F0472,강릉 국가유산야행,강원,강릉시,전통역사,2016,강릉대도호부관아 일원
F0473,강릉 누들 축제,강원,강릉시,지역특산물,2022,월화거리 일원
F0474,제18회 강릉커피축제,강원,강릉시,주민화합,2009,강릉커피거리 일원
F0475,2026 강릉크리스마스 겨울축제,강원,강릉시,주민화합,2021,강릉월화거리 일원
F0476,해맞이 행사,강원,강릉시,주민화합,1998,"경포해변, 정동진 모래시계공원"
F0477,제8회 묵호등대 논골담길 축제,강원,동해시,문화예술,2015,묵호항 수변공원
F0478,제13회 전천축제,강원,동해시,문화예술,2010,전천공원 일원
F0479,제4회 발한 호로롱 페스티벌,강원,동해시,주민화합,2023,동쪽바다중앙시장 일원
F0480,2026년 무릉별유천지 라벤더축제,강원,동해시,자연생태,2023,무릉별유천지
F0481,제2회 아스타축제,강원,동해시,자연생태,2025,무릉별유천지
F0482,제5회 송정막걸리축제,강원,동해시,주민화합,2019,송정동 일원
F0483,동해무릉제,강원,동해시,주민화합,1984,동해웰빙레포츠타운 일원
F0484,도째비페스타,강원,동해시,주민화합,2022,묵호항 여객선터미널 광장 일원
F0485,제33회 태백산 눈축제,강원,태백시,자연생태,1994,태백산 국립공원 당골광장
F0486,"제11회 한강,낙동강발원지 축제",강원,태백시,자연생태,2016,"황지연못, 검룡소 일원"
F0487,태백 천상의 산나물 축제,강원,태백시,지역특산물,2018,장성 탄탄마당
F0488,제3회 탄광문화고기축제,강원,태백시,지역특산물,2024,철암 쇠바우골 탄광문화 장터
F0489,2026 영랑호 벚꽃축제,강원,속초시,자연생태,2024,영랑호 잔디광 및 수변 일원
F0490,2026년 설악무산문화축전,강원,속초시,전통역사,2024,엑스포 잔디광장 일원
F0491,2026 실향민 문화축제,강원,속초시,문화예술,2016,엑스포 잔디광장 일원
F0492,2026 속초썸머페스티벌,강원,속초시,문화예술,2017,속초해수욕장 일원
F0493,제61회 설악문화제,강원,속초시,문화예술,1966,엑스포 잔디광장 일원
F0494,2026 삼척정월대보름제,강원,삼척시,전통역사,1973,"엑스포광장 및 시내 척주로, 삼척해수욕장 일원"
F0495,제22회맹방유채꽃축제,강원,삼척시,자연생태,2002,근덕면 상맹방리 215-1번지 일원
F0496,제13회 삼척 하장 두타산 산나물축제,강원,삼척시,지역특산물,2010,하장면 번천리 백두대간 청정임산물 복합체험센터
F0497,2026년 제8회 삼척 장미축제,강원,삼척시,자연생태,2018,삼척 장미공원
F0498,2026년 제7회 삼척 비치 썸 페스티벌,강원,삼척시,문화예술,2016,삼척해수욕장
F0499,제3회 삼척해(海)랑영화제,강원,삼척시,문화예술,2024,"삼척해변, 이사부독도기념관 등 삼척 일원"
F0500,2026 삼척동해왕이사부축제,강원,삼척시,전통역사,2008,삼척장미공원 일원
F0501,2026 강원예술인 한마당,강원,삼척시,문화예술,2023,삼척문화예술회관 및 엑스포 광장 등
F0502,2026 국가유산 죽서루 야행,강원,삼척시,전통역사,2024,삼척 죽서루 일원
F0503,제17회 삼척평생학습박람회 및 제7최 책축제,강원,삼척시,문화예술,2007,삼척시문화예술회관 및 삼척시청소년수련관 일원
F0504,2026년 제3회 너와포차거리,강원,삼척시,지역특산물,2024,미정
F0505,제14회 홍천강 꽁꽁축제,강원,홍천군,전통역사,2013,홍천강변 일원
F0506,제8회 홍천산나물출제,강원,홍천군,지역특산물,2019,토리숲 일원
F0507,제30회 홍천찰옥수수축제,강원,홍천군,지역특산물,1996,홍천종합운동장 일원
F0508,제10회 홍천강 별빛음악 맥주축제,강원,홍천군,지역특산물,2017,토리숲 일원
F0509,제24회 홍천 인삼한우 명품축제,강원,홍천군,지역특산물,2003,토리숲 일원
F0510,제11회 홍천사과축제,강원,홍천군,지역특산물,2016,토리숲 일원
F0511,제22회 횡성한우축제,강원,횡성군,지역특산물,2004,횡성읍 일원
F0512,제15회 둔내고랭지토마토축제,강원,횡성군,지역특산물,2012,둔내면 일원
F0513,제13회 횡성더덕축제,강원,횡성군,지역특산물,2012,청일면 일원
F0514,제18회 안흥찐빵축제,강원,횡성군,지역특산물,1999,안흥찐빵모락모락마을 일원
F0515,제7회 횡성호수길축제,강원,횡성군,주민화합,2019,횡성호수길 일원
F0516,제4회 소(牛)맥 프리미엄 페스티벌,강원,횡성군,주민화합,2023,공근면 일원
F0517,제5회 태종노구문화제,강원,횡성군,전통역사,2018,강림면 일원
F0518,제38회 횡성회다지소리 민속문화제,강원,횡성군,전통역사,1987,우천면 정금민속관 일원
F0519,제59회 단종문화제,강원,영월군,전통역사,1967,영월군 관내 일원
F0520,동강국제사진제,강원,영월군,문화예술,2002,"동강사진박물관, 예술창작스튜디오"
F0521,제28회 동강뗏목축제,강원,영월군,문화예술,1997,동강둔치 등
F0522,김삿갓문화제,강원,영월군,전통역사,1998,김삿갓 묘역 등
F0523,계촌클래식축제,강원,평창군,문화예술,2015,평창군 방림면 계촌리 일원
F0524,평창더위사냥축제,강원,평창군,자연생태,2013,평창군 대화면 해뜰마을길 일원
F0525,평창효석문화제,강원,평창군,문화예술,1999,평창군 봉평면 효석문화마을 일원
F0526,평창농악축제,강원,평창군,전통역사,2019,평창군 용평면 장평리 일원
F0527,평창백일홍축제,강원,평창군,자연생태,2015,평창군 평창읍 제방길 일원
F0528,평창송어축제,강원,평창군,지역특산물,2007,평창군 진부면 오대천 일원
F0529,대관령눈꽃축제,강원,평창군,자연생태,1993,평창군 대관령면 송천 일원
F0530,제1회 정선메밀전병축제,강원,정선군,지역특산물,2026,정선읍 정선5일장 일원
F0531,제20회 정선동강할미꽃 축제,강원,정선군,자연생태,2007,정선읍 동강로 2908
F0532,제34회 화암약수제,강원,정선군,전통역사,1993,화암약수 및 그림바위 퍼즐 주차장 일원
F0533,제15회 로컬푸드축제,강원,정선군,지역특산물,2013,북평면 나전역광장 일원
F0534,제33회 두위봉 철쭉제 산맥 페스티벌,강원,정선군,자연생태,1991,"단곡계곡, 두위봉 일원"
F0535,제30회 사북읍석탄문화제,강원,정선군,주민화합,1995,사북읍 650거리 및 탄광문화촌 광장 일원
F0536,제3회 나전역 야시장 야밤바 행사,강원,정선군,지역특산물,2024,북평면 옛시장골목 일원
F0537,제21회 정선 함백산 야생화축제,강원,정선군,자연생태,2007,"만항재 산상의화원, 하늘숲 정원, 야생화공원, 마을호텔18번가, 고한시장 일원"
F0538,제10회 강변가요제,강원,정선군,주민화합,2014,조양강 둔치
F0539,제34회 아우라지 뗏목축제,강원,정선군,전통역사,1992,여량면 아우라지 광장
F0540,제51회 정선아리랑제,강원,정선군,전통역사,1976,정선읍 공설운동장
F0541,제31회 민둥산은빛억새축제,강원,정선군,자연생태,1995,민둥산 및 민둥산운동장 일원
F0542,정선 사과축제,강원,정선군,지역특산물,2017,임계면 사통팔달시장 일원
F0543,2026년 용화천 겨울 놀이터,강원,철원군,자연생태,2018,용화천 명성어린이공원 일원
F0544,2026년 용화천 물놀이장,강원,철원군,자연생태,2018,용화천 명성어린이공원 일원
F0545,DMZ 피스트레인 뮤직페스티벌 2026,강원,철원군,문화예술,2018,철원군 고석정 일원
F0546,철원 화강 다슬기축제,강원,철원군,자연생태,2007,철원 화강 쉬리공원 일원
F0547,태봉제,강원,철원군,전통역사,1983,철원종합운동장일원
F0548,철원한탄강얼음트레킹 축제,강원,철원군,자연생태,2013,철원 한탄강
F0549,제22회 화천토마토축제,강원,화천군,지역특산물,2003,사내면 문화마을 일원
F0550,2026얼음나라 화천 산천어축제,강원,화천군,자연생태,2003,화천읍 화천천 일원
F0551,2026 청춘양구 곰취축제,강원,양구군,지역특산물,2004,양구 서천레포츠 공원 일원
F0552,2026 국토정중앙 청춘양구 배꼽축제,강원,양구군,문화예술,2008,양구 서천레포츠 공원 일원
F0553,제41회 양록제,강원,양구군,주민화합,1983,양구 종합운동장 일원
F0554,2026 청춘양구 펀치볼 시래기사과축제,강원,양구군,지역특산물,2022,해안명 펀치볼 힐링하우스 앞 성황지 일원
F0555,2026 인제 여름 축제,강원,인제군,자연생태,2024,남면 부평리 빙어호 일원
F0556,2026 인제 가을꽃축제,강원,인제군,자연생태,2019,북면 용대관광지 일원
F0557,용대황태축제,강원,인제군,자연생태,1999,용대삼거리 황태촌 일월
F0558,하추리도리깨축제,강원,인제군,자연생태,2012,인제읍 하추로 187
F0559,인제천리길 개통 10주년 기념행사 및 제9회 인제천리길 걷기 축제,강원,인제군,자연생태,2018,인제천리길코스
F0560,제12회 곰배령별밤음악축제,강원,인제군,문화예술,2013,진동2리 진동분교
F0561,햇살마을 구상나무트리 축제,강원,인제군,주민화합,2024,햇살마을 산림치유센터 일원
F0562,제1회 설악산 백담 눈꽃축제,강원,인제군,자연생태,2022,백담마을 회관 일원(만해로 410-17)
F0563,제2회 기린농협 산나물 직거래 판매행사,강원,인제군,지역특산물,2025,기린체육공원 인근
F0564,제26회 고성통일명태축제,강원,고성군,전통역사,1997,거진읍 거진11리 행변
F0565,2026 양양 낙산해변 달빛모닥불 축제,강원,양양군,주민화합,2025,낙산해변B지구
F0566,2026 양양 남대천 벚꽃축제,강원,양양군,자연생태,2023,송이조각공원 일원
F0567,2026 마을단위축제(3개 내외),강원,양양군,주민화합,2022,양양군(공모 심의 선정)
F0568,양양 서핑페스티벌,강원,양양군,문화예술,2016,양양군 관내 해수욕장
F0569,2026 양양송이연어축제,강원,양양군,지역특산물,1996,양양 남대천 일원
F0570,크리스마스 마켓&축제,강원,양양군,문화예술,2026,낙산해변 알바트로스 광장 일원
F0571,충북 한우랑 브랜드랑 축제,충북,,지역특산물,2008,미정
F0572,제17회 영춘제,충북,청주시,문화예술,2010,청남대 일원
F0573,제21회 가을축제,충북,청주시,문화예술,2006,청남대 일원
F0574,2026 3·3데이 청주삼겹살 축제,충북,청주시,지역특산물,2012,청주 서문시장 삼겹살거리 일원
F0575,2026 벚꽃과 함께하는 제5회 청주 푸드트럭 축제,충북,청주시,주민화합,2023,청주 상당구 무심동로(청주대교~제1운천교) 일원
F0576,2026 청주 미식·주(酒) 페스타,충북,청주시,지역특산물,2025,청주 문화제조창 잔디광장 일원
F0577,2026 청주 디저트·베이커리 페스타,충북,청주시,지역특산물,2023,청주 문화제조창 잔디광장 일원
F0578,2026 세종대왕과 초정약수축제,충북,청주시,주민화합,2006,초정행궁일원
F0579,한여름밤 오싹 호러 페스티벌,충북,청주시,주민화합,2025,성안길(중앙역사공원~철당간) 일원
F0580,2026 청주시 도시농업 페스티벌,충북,청주시,문화예술,2023,청주시농업기술센터 유기농복합단지 일원
F0581,대한민국 정원박람회 2026 청주 가드닝페스티벌,충북,청주시,자연생태,2018,생명누리공원
F0582,2026 청원생명축제,충북,청주시,지역특산물,2008,오창읍 미래지농촌테마공원
F0583,2026 직지문화축제,충북,청주시,전통역사,2003,"직지문화특구 일원(고인쇄박물관, 청주예술의전당 등)"
F0584,2026 청주 국가유산 야행,충북,청주시,전통역사,2016,청주시 원도심 일원
F0585,2026 국가유산 미디어아트 청주,충북,청주시,문화예술,2026,청주시 원도심 일원
F0586,원도심골목길축제<봄:중앙극장>,충북,청주시,문화예술,2023,상당구 중앙동 일원
F0587,청남대 재즈토닉페스티벌,충북,청주시,문화예술,2017,청남대 일원
F0588,원도심골목길축제<여름:성안이즈백>,충북,청주시,문화예술,2023,상당구 성안동 일원
F0589,청주읍성큰잔치,충북,청주시,문화예술,2009,청주 중앙공원 일원
F0590,동부창고페스타,충북,청주시,문화예술,2023,동부창고 일원
F0591,원도심골목길축제<가을:집대성>,충북,청주시,문화예술,2023,상당구 대성동 일원
F0592,힙한 청주 페스티벌 in 제조창,충북,청주시,문화예술,2025,청주 문화제조창 잔디광장
F0593,제54회 우륵문화제,충북,충주시,문화예술,1971,탄금공원
F0594,목계별신제,충북,충주시,전통역사,1960,엄정면 목계나루 일원
F0595,2026 충주 국가유산 야행,충북,충주시,전통역사,2021,관아공원
F0596,2026년 충주씨 농산물직거래 한마당,충북,충주시,지역특산물,2017,탄금공원 일원
F0597,충주호 벚꽃축제,충북,충주시,문화예술,2011,충주다목적댐 물문화관 일원
F0598,제41회 수안보온천제,충북,충주시,문화예술,1985,수안보 물탕공원 일원
F0599,충주다이브페스티벌,충북,충주시,문화예술,2023,충주종합운동장 일원
F0600,비내섬 축제,충북,충주시,문화예술,2023,비내섬 일원
F0601,2026 제3회 제천빨간오뎅축제,충북,제천시,지역특산물,2025,제천역 광장 일원
F0602,제30회 제천청풍호벚꽃축제,충북,제천시,자연생태,1997,청풍면 물태리 일원
F0603,2026 제천 임산물 숲푸드 축제,충북,제천시,지역특산물,2026,의림지 수변무대
F0604,제24회 월악산송계양파축제,충북,제천시,지역특산물,2003,한수체육문화공원
F0605,슬로시티 수산 힐링축제,충북,제천시,주민화합,2018,수산면 옥순봉 생태공원 일원
F0606,제7회 봉양박달콩축제,충북,제천시,지역특산물,2019,봉양읍 문화복지센터
F0607,2026년 제천 수제맥주&달빛야시장 축제,충북,제천시,주민화합,2022,제천 문화의거리 일원
F0608,제5회 덕산양채축제,충북,제천시,문화예술,2022,덕산면 근린공원
F0609,2026 보은벚꽃길축제,충북,보은군,자연생태,2024,보은군이음센터 일원
F0610,2026 보은대추축제,충북,보은군,지역특산물,2007,뱃들공원 및 속리산 일원
F0611,제24회 옥천묘목축제,충북,옥천군,지역특산물,1999,옥천묘목공원 일원
F0612,제7회 청산생선국수 축제,충북,옥천군,지역특산물,2017,청산면 지전리 일원
F0613,제3회 향수옥천 유채꽃 축제,충북,옥천군,문화예술,2023,옥천 금강수변 친수공원
F0614,제39회 지용제,충북,옥천군,문화예술,1987,정지용 생가 및 구읍 일원
F0615,2026 제17회 향수옥천 포도복숭아 축제,충북,옥천군,지역특산물,2007,옥천공설운동장 일원
F0616,2026년 제16회 옥수수감자 축제,충북,옥천군,지역특산물,2008,안내면종합축제장 일원
F0617,2026 영동곶감축제,충북,영동군,지역특산물,2003,영동 하상주차장일원
F0618,제15회 대한민국와인축제,충북,영동군,지역특산물,2010,영동 하상주차장일원(예정)
F0619,2026 영동포도축제,충북,영동군,지역특산물,2004,영동 레인보우힐링광장(예정)
F0620,제57회 영동난계국악축제,충북,영동군,문화예술,1965,영동 레인보우힐링광장(예정)
F0621,증평인삼골축제,충북,증평군,지역특산물,1992,보강천체육공원일원
F0622,증평들노래축제,충북,증평군,전통역사,2004,증평민속체험박물관 일원
F0623,제26회 생거진천 농다리축제,충북,진천군,문화예술,2000,진천 농다리 일원
F0624,제47회 생거진천문화축제,충북,진천군,문화예술,1979,백곡천 일원
F0625,제15회 생거진천 평생학습축제,충북,진천군,주민화합,2008,백곡천 일원
F0626,제11회 참숯마실축제,충북,진천군,주민화합,2015,진천 숯산업클러스터 특구 부지
F0627,제14회 생거진천예술제,충북,진천군,문화예술,2013,진천 농다리 일원
F0628,괴산빨간맛페스티벌,충북,괴산군,지역특산물,2024,유기농엑스포광장 및 동진천 하상 일원
F0629,괴산고추축제,충북,괴산군,지역특산물,2001,유기농엑스포광장
F0630,괴산김장축제,충북,괴산군,지역특산물,2019,유기농엑스포광장
F0631,제27회 음성품바축제,충북,음성군,문화예술,2000,설성공원 및 꽃동네 일원
F0632,2026 음성명작 페스티벌,충북,음성군,지역특산물,2022,금빛근린공원 일원
F0633,제45회 설성문화제,충북,음성군,전통역사,1982,미정
F0634,제42회 단양 소백산철쭉제,충북,단양군,자연생태,1983,단양읍 상상의거리 및 소백산 일원(일부 변경가능)
F0635,제28회 단양 온달문화축제,충북,단양군,전통역사,1996,영춘면 온달관광지 일원
F0636,제11회 천안위례벚꽃축제,충남,천안시,자연생태,2013,"천안시 동남구 북면 용암리, 병천천(은석초 주변) 일원"
F0637,2026년 어린이날기념 천안어린이행복주간행사,충남,천안시,문화예술,2024,천안시민체육공원 등 천안시 일원
F0638,제3회 수신멜론축제,충남,천안시,지역특산물,2024,천안 상록리조트 야외주차장
F0639,2026 천안 K-컬처박람회,충남,천안시,문화예술,2023,독립기념관
F0640,2026 천안호두축제,충남,천안시,지역특산물,2008,광덕쉼터
F0641,병천순대축제,충남,천안시,지역특산물,2025,병천순대거리 일원
F0642,천안흥타령춤축제 2026,충남,천안시,문화예술,2003,천안종합운동장 및 천안시 일원
F0643,제6회 「2026 빵빵데이 천안」 축제,충남,천안시,지역특산물,2021,천안종합운동장 오륜문광장 일원
F0644,2026 천안시 K-DOG FESTIVAL,충남,천안시,문화예술,2023,천안시민체육공원
F0645,제27회 입장거봉포도축제,충남,천안시,지역특산물,1993,입장면 일원(세부장소 미정)
F0646,제9회 겨울공주 군밤축제,충남,공주시,지역특산물,2018,"금강신관공원 일원, 미르섬"
F0647,계룡산 벚꽃축제,충남,공주시,자연생태,1993,반포면 일원
F0648,계룡산 산신제,충남,공주시,전통역사,1998,계룡면 일원
F0649,갑사 황매화축제,충남,공주시,자연생태,2019,계룡면 갑사 상가지구 일원
F0650,마곡사 신록축제,충남,공주시,문화예술,2004,사곡면 일원
F0651,제18회 공주 석장리 구석기 축제,충남,공주시,전통역사,2008,"석장리 구석기 박물관, 상왕동 일원"
F0652,제5회 공주 유구색동수국정원 꽃축제,충남,공주시,자연생태,2022,유구읍 일원
F0653,제2회 공주야밤 맥주축제,충남,공주시,주민화합,2025,금강신관공원
F0654,구룡사 구절산 구절초 축제,충남,공주시,자연생태,2019,신풍면 구절사 일원
F0655,제72회 백제문화제,충남,공주시,전통역사,1955,공주시 일원
F0656,무창포 주꾸미 도다리 축제,충남,보령시,지역특산물,2000,무창포해수욕장 일원
F0657,보령AMC모터페스티벌,충남,보령시,문화예술,2022,머드엑스포광장
F0658,오천항키조개축제,충남,보령시,지역특산물,2018,오천항일원
F0659,제29회 보령머드축제,충남,보령시,문화예술,1998,대천해수욕장일원
F0660,용두솔밭어울림 축제,충남,보령시,주민화합,2018,남포면 월전리 일원
F0661,"원산도 전국 해변가요제 및 원산도, 효자도 붕장어 축제",충남,보령시,지역특산물,2019,선촌항 일원
F0662,무창포대하전어축제,충남,보령시,지역특산물,1999,"무창포항, 무창포해수욕장 일원"
F0663,보령예술제,충남,보령시,문화예술,1997,보령시 일원
F0664,2026년 보령 국가유산야행,충남,보령시,전통역사,2023,보령경찰서망루 일원
F0665,무창포 신비의 바닷길 축제,충남,보령시,자연생태,2000,무창포해수욕장 일원
F0666,2026 숲속야행,충남,보령시,자연생태,2023,무궁화수목원 일원
F0667,만세보령문화제,충남,보령시,주민화합,1988,보령시 일원
F0668,천북굴축제,충남,보령시,지역특산물,2000,천북굴단지 일원
F0669,2026 대천겨울바다사랑축체,충남,보령시,문화예술,2017,대천해수욕장 일원
F0670,제65회 아산 성웅 이순신축제,충남,아산시,문화예술,1961,"온양온천역, 곡교천, 현충사 일원"
F0671,제37회 설화예술제,충남,아산시,문화예술,1990,은행나무길 일원
F0672,은행나무길거리예술제,충남,아산시,문화예술,2018,곡교천 일원
F0673,(가칭)대한민국 이스포츠 리그(이터널리턴),충남,아산시,문화예술,2026,이순신 체육관 일원
F0674,아산 외암마을야행,충남,아산시,전통역사,2022,외암마을 일원
F0675,현충사 달빛야행,충남,아산시,전통역사,2018,현충사 일원
F0676,제25회 외암민속마을 짚풀문화제,충남,아산시,전통역사,2022,외암마을 일원
F0677,제4회 영인산 철쭉제,충남,아산시,자연생태,2023,영인산 수목원
F0678,제4회 도시농업축제,충남,아산시,문화예술,2023,곡교천 둔치(염치읍 백암리 501 일원)
F0679,2026년 아산시 국화전시회,충남,아산시,문화예술,2007,곡교천 둔치(염치읍 백암리 501 일원)
F0680,제23회 서산해미읍성축제,충남,서산시,문화예술,2000,서산해미읍성 일원
F0681,팔봉산감자축제,충남,서산시,지역특산물,2002,팔봉면 어울림마당
F0682,서산6쪽마늘축제,충남,서산시,지역특산물,2005,서산해미읍성 내
F0683,해미벚꽃축제,충남,서산시,자연생태,2017,해미천 인근
F0684,삼길포우럭축제,충남,서산시,지역특산물,2013,대산읍 삼길포항 일원
F0685,서산 어리굴젓 축제,충남,서산시,지역특산물,2015,부석면 간월도항 일원
F0686,서산국화축제,충남,서산시,자연생태,1996,고북면 복남골길 일원
F0687,제28회 논산딸기축제,충남,논산시,지역특산물,1997,논산시민가족공원 일원
F0688,제26회 연산대추문화축제,충남,논산시,지역특산물,1999,연산역 일원
F0689,제28회 강경젓갈축제,충남,논산시,지역특산물,1997,강경 금강둔치일원
F0690,제24회 논산양촌곶감축제,충남,논산시,지역특산물,2000,양촌리 체육공원 일원
F0691,2026계룡軍문화축제,충남,계룡시,문화예술,2007,계룡대 활주로
F0692,제4회 계룡 향적산 봄나들이 행사,충남,계룡시,주민화합,2023,계룡시 엄사면 일원
F0693,제3회 사계문화제,충남,계룡시,전통역사,2024,사계고택
F0694,왜목마을해넘이해돋이소원제,충남,당진시,자연생태,1999,왜목마을 해수욕장 일원
F0695,제18회 순성 벚꽃축제,충남,당진시,자연생태,2005,갈산리 특설무대 일원
F0696,제2회 당진면천읍성축제,충남,당진시,전통역사,2001,면천읍성 일원
F0697,당진 삽교호 드론 라이트 쇼,충남,당진시,문화예술,2024,삽교호 바다공원 일원
F0698,당진 댄스 페스티벌,충남,당진시,문화예술,2024,미정
F0699,남이흥 장군 문화제,충남,당진시,전통역사,1989,대호지면 충장사 일원
F0700,당진 합덕 연꽃축제,충남,당진시,자연생태,2017,합덕제 일원
F0701,제49회 심훈상록문화제,충남,당진시,문화예술,1977,당진문예의전당 일원
F0702,제2회 면천의 봄 또봄면천,충남,당진시,문화예술,2025,면천읍성 일원
F0703,기지시줄다리기축제,충남,당진시,전통역사,,기지시줄다리기박물관 일원
F0704,장고항 실치와 함께하는 수산물 축제,충남,당진시,지역특산물,2000,장고항 일원
F0705,한진포구 수산물 홍보판촉행사,충남,당진시,지역특산물,2005,한진포구 일원
F0706,제6회 금산삼계탕축제,충남,금산군,지역특산물,2021,금산인삼관 광장 및 인삼약초거리일원
F0707,제44회 금산세계인삼축제,충남,금산군,지역특산물,1981,금산인삼관 광장 및 인삼약초거리일원
F0708,비단고을 산꽃축제,충남,금산군,자연생태,2000,산꽃벚꽃오토캠핑장(보곡산골)
F0709,홍도화축제,충남,금산군,자연생태,2008,남일면 신정리 홍도마을
F0710,제16회 금산천봄꽃축제,충남,금산군,주민화합,2008,금산읍 금산천 둔치
F0711,제24회 부여서동연꽃축제,충남,부여군,문화예술,2003,서동공원 궁남지 일원
F0712,제72회 백제문화제,충남,부여군,전통역사,1955,백제문화단지
F0713,제21회 부여 굿뜨래 알밤축제,충남,부여군,지역특산물,2005,서동공원 궁남지 일원
F0714,2026 부여 세도 방울토마토&유채꽃 축제,충남,부여군,지역특산물,2005,금강하천부지 일원
F0715,제23회 백제고도 부여국화축제,충남,부여군,자연생태,2004,서동공원 궁남지 일원
F0716,제24회 동백꽃 주꾸미 축제,충남,서천군,지역특산물,2000,서면 마량진항
F0717,제20회 자연산 광어 도미 축제,충남,서천군,지역특산물,2003,서면 마량진항
F0718,제16회 장항항 수산물 꼴갑 축제,충남,서천군,지역특산물,2009,장항항 물양장
F0719,제3회 서천 블루베리 축제,충남,서천군,지역특산물,2024,문화활력소 인근
F0720,제36회 한산모시문화제,충남,서천군,전통역사,1989,한산모시관 일원
F0721,춘장대해수욕장 여름문화예술 축제,충남,서천군,문화예술,2004,서면 도둔리 춘장대해수욕장 일원
F0722,제4회 장항 맥문동 꽃 축제,충남,서천군,자연생태,2023,장항 송림자연휴양림
F0723,제24회 홍원항 전어 꽃게 축제,충남,서천군,지역특산물,2001,서면 홍원항
F0724,제9회 한산소곡주축제,충남,서천군,지역특산물,2015,한산전통시장 일원
F0725,서천군 평생학습한마당,충남,서천군,주민화합,2013,봄의 마을 광장 일원
F0726,제4회 판교 도토리묵 축제,충남,서천군,지역특산물,2023,판교면 현암리 149-9번지 일원
F0727,제3회 부또막 축제,충남,서천군,지역특산물,2024,종천면 산천리 공영주차장 일원
F0728,2026 서천철새여행,충남,서천군,자연생태,2011,조류생태전시관 일원
F0729,2026 서천 마량진항 해넘이 해돋이 행사,충남,서천군,주민화합,2000,서천 마량진항
F0730,제18회 칠갑산 얼음분수축제,충남,청양군,자연생태,2009,청양 알프스마을
F0731,제27회 칠갑산장승문화축제,충남,청양군,전통역사,1999,장승공원 일원
F0732,제5회 벚꽃토마토 문화축제,충남,청양군,지역특산물,2021,청남면 중동교~ 청소교 일원
F0733,2026 청양 고추구기자 축제(27회),충남,청양군,지역특산물,2000,청양읍 백세건강공원 일원
F0734,제2회 청양 매운맛 골목축제,충남,청양군,지역특산물,2025,청춘거리 일원
F0735,홍성 남당항 새조개 축제,충남,홍성군,지역특산물,2004,남당항 해양분수공원 일원
F0736,홍성 남당항 대하축제,충남,홍성군,지역특산물,1996,남당항 해양분수공원 일원
F0737,광천김토굴새우젓 대축제,충남,홍성군,지역특산물,1996,광천 전통시장 일원
F0738,홍성글로벌바비큐페스티벌,충남,홍성군,지역특산물,2023,홍주읍성 일원
F0739,홍성역사인물축제,충남,홍성군,문화예술,2005,홍주읍성 일원
F0740,구항한우봄꽃축제,충남,홍성군,자연생태,2007,구항면 일원
F0741,제25회 홍성사랑국화축제,충남,홍성군,자연생태,2002,홍주읍성 일원
F0742,제53회 윤봉길 평화축제,충남,예산군,전통역사,1973,덕산면 충의사 일원
F0743,제10회 예산장터삼국축제,충남,예산군,지역특산물,2017,예산상설시장 일원
F0744,제23회 예산사과축제,충남,예산군,지역특산물,1983,미정
F0745,2026 의좋은형제축제,충남,예산군,전통역사,2005,대흥면 의좋은형제공원 일원
F0746,제7회 예산황새축제,충남,예산군,자연생태,2019,광시면 예산황새공원 일원
F0747,제3회 국가유산 야행,충남,예산군,전통역사,2023,"예산리 구도심 일원(예산성당, 호서은행)"
F0748,신진도 오징어&해산물 축제,충남,태안군,지역특산물,2024,신진항
F0749,안면도 백사장 대하축제,충남,태안군,지역특산물,2000,백사장항
F0750,꽃과바다 태안국화축제,충남,태안군,자연생태,2022,이종일생가지
F0751,제22회 태안 해변 힐링페스티벌,충남,태안군,자연생태,2003,몽산포해수욕장
F0752,2026 전주세계문화주간(프랑스)봄,전북,전주시,문화예술,2016,전주시 일원
F0753,2026 전주세계문화주간(프랑스)여름,전북,전주시,문화예술,2016,전주시 일원
F0754,2026 전주세계문화주간(프랑스)가을,전북,전주시,문화예술,2016,전주시 일원
F0755,2026 김장문화축제,전북,전주시,주민화합,2019,전주월드컵경기장 일원
F0756,2026 전주문화유산야행,전북,전주시,문화예술,2015,경기전 및 한옥마을 일원
F0757,2026 대한민국 전주정원산업박람회,전북,전주시,자연생태,2021,전주 월드컵광장 일원(덕진공원 포함)
F0758,제16회 얼굴없는천사축제,전북,전주시,주민화합,2011,노송동주민센터 일원
F0759,제3회 전주막걸리축제,전북,전주시,지역특산물,2024,미정
F0760,전주얼티밋뮤직페스티벌,전북,전주시,문화예술,2016,전주시 일원
F0761,2026년 전주 이팝나무 축제,전북,전주시,자연생태,2024,북전주선(기린대로~산북로 구간)
F0762,2026 전주국제한지산업대전,전북,전주시,문화예술,1997,한국전통문화전당 일원(예정)
F0763,2026 전주가맥축제,전북,전주시,주민화합,2015,미정
F0764,전주페스타 2026,전북,전주시,문화예술,2023,미정
F0765,2026 전주비빔밥축제,전북,전주시,지역특산물,2007,미정
F0766,전주 단오제,전북,전주시,전통역사,2015,덕진공원
F0767,제14회 군산시간여행축제,전북,군산시,전통역사,2013,군산시간여행마을 일원
F0768,제5회 군산짬뽕페스티벌,전북,군산시,문화예술,2022,백년광장 일원
F0769,제21회 군산꽁당보리축제,전북,군산시,지역특산물,2006,미성동행정복지센터 뒷편
F0770,제9회 군산우체통거리 손편지축제,전북,군산시,문화예술,2018,우체통거리 1길
F0771,제5회 군산 수제맥주&블루스 페스티벌,전북,군산시,지역특산물,2022,군산근대역사박물관 주차장 일원
F0772,제9회 익산백제 국가유산야행,전북,익산시,전통역사,2018,왕궁리유적 일원
F0773,2026년 익산 서동축제,전북,익산시,문화예술,1969,익산 관광지
F0774,제3회 익산 근대문화유산 축전,전북,익산시,문화예술,2024,익산문화예술의거리 일원
F0775,제2회 익산 고구마(순) 축제,전북,익산시,지역특산물,2025,삼기면 로컬하나로마트 일원(예정)
F0776,제5회 익산 호러 홀로그램 페스티벌,전북,익산시,문화예술,2022,익산교도소세트장
F0777,제5회 국가유산 미디어아트,전북,익산시,문화예술,2021,미륵사지일원
F0778,제57회 익산 마한문화대전,전북,익산시,문화예술,2024,영등시민공원 일원
F0779,제5회 NS 푸드페스타 2026 in 익산,전북,익산시,지역특산물,2022,하림퍼스트키친 일원
F0780,제4회 보물찾기축제,전북,익산시,문화예술,2022,인화동 솜리근대역사문화공간 일원
F0781,제8회 K-김장문화축제 익산,전북,익산시,주민화합,2017,익산중앙체육공원 일원
F0782,제19회 정읍 구절초 꽃축제,전북,정읍시,자연생태,2005,구절초 지방정원
F0783,정읍 벚꽃축제,전북,정읍시,자연생태,1991,정읍천변/어린이 축구장
F0784,정읍 물빛축제,전북,정읍시,주민화합,2023,정읍 어린이 축구장
F0785,작은마을 축제,전북,정읍시,주민화합,2026,장금이 꽃밭
F0786,제37회 정읍사문화제,전북,정읍시,문화예술,1990,정읍사문화공원
F0787,제96회 춘향제,전북,남원시,문화예술,1931,광한루원 일원
F0788,제34회 흥부제,전북,남원시,문화예술,1992,사랑의광장 일원
F0789,남원 봄꽃 음악회,전북,남원시,문화예술,2023,요천둔치
F0790,남원 워터밤 페스티벌,전북,남원시,주민화합,2023,요천둔치
F0791,제30회 지리산 바래봉 철쭉제,전북,남원시,자연생태,1995,지리산 바래봉 및 허브밸리 일원
F0792,제3회 지리산 흥부골 포도축제,전북,남원시,지역특산물,2024,지리산농협농산물산지유통센터
F0793,제12회 혼불문학 축제,전북,남원시,문화예술,2014,구)서도역 및 혼불문학관
F0794,제28회 김제지평선축제,전북,김제시,문화예술,1999,김제시 일원(벽골제 중심)
F0795,2026 김제 모악뮤직페스티벌,전북,김제시,문화예술,2008,모악산 일원
F0796,2026 꽃빛드리축제,전북,김제시,문화예술,2023,김제시민문화체육공원
F0797,지평선광활햇감자축제,전북,김제시,지역특산물,2008,김제광활초등학교 일원
F0798,제15회 지평선 추억의 보리밭 축제,전북,김제시,자연생태,2010,새만금 6공구 내 원예단지(토끼섬 일원)
F0799,제4회 김제 자원순화 새로보미축제,전북,김제시,자연생태,2023,김제시민문화체육공원
F0800,제4회 완주모악산웰니스축제,전북,완주군,주민화합,2023,완주군 모악산 일원
F0801,2026 완주대둔산축제,전북,완주군,자연생태,1996,완주군 대둔산 일원
F0802,제14회 완주와일드&로컬푸드축제,전북,완주군,지역특산물,2011,고산자연휴양림 일원
F0803,제8회 오성한옥마을 오픈가든축제,전북,완주군,주민화합,2018,소양 오성한옥마을 일원
F0804,제11회 완주곶감축제,전북,완주군,지역특산물,2014,완주군청 대형주차장 및 어울림광장 일원
F0805,제24회 삼례딸기축제,전북,완주군,지역특산물,1996,삼례농협 인근 공영주차장
F0806,제4회 동상계곡물소리축제,전북,완주군,자연생태,2023,미정
F0807,제8회 향어축제,전북,완주군,지역특산물,2015,완주군 이서면 한국전기안전공사 일원(이서면 안전로 111)
F0808,제22회 진안고원 운장산 고로쇠축제,전북,진안군,지역특산물,2005,주천면 운일암반일암 일원
F0809,제16회 진안고원 수박축제,전북,진안군,지역특산물,2009,동향면 체련공원 일원
F0810,2026 진안홍삼축제,전북,진안군,지역특산물,2013,마이산 북부 일원
F0811,제8회 진안고원 김치보쌈축제,전북,진안군,지역특산물,2019,진안로컬푸드직매장 일원
F0812,제30회 무주반딧불축제,전북,무주군,자연생태,1997,무주군 일원
F0813,무주안성낙화놀이축제,전북,무주군,전통역사,2007,안성면 두문마을 일원
F0814,제14회 무주산골영화제,전북,무주군,문화예술,2013,등나무운동장 등 무주군 일원
F0815,제4회 서면마을 벚꽃축제,전북,무주군,자연생태,2023,무주읍 서면마을(소이나루 공원) 일원
F0816,제20회 장수한우랑사과랑축제,전북,장수군,지역특산물,2007,장수읍 의암공원 및 누리파크 일원
F0817,제4회 장수 쿨밸리 페스티벌,전북,장수군,자연생태,2023,장수방화동자연휴양림 일원
F0818,제10회 번암물빛축제,전북,장수군,자연생태,2017,번암 시동강 천변공원 일원
F0819,제4회 장수가꿈토마토랑수박축제,전북,장수군,지역특산물,2023,계북 참샘골 체육관 일원
F0820,옥정호벚꽃축제,전북,임실군,자연생태,2022,붕어섬 일대
F0821,임실N펫스타(의견문화제),전북,임실군,문화예술,1982,반려누리 및 오수의견관광지 일원
F0822,2026년 제 1회 임실 장미축제,전북,임실군,주민화합,2026,임실치즈테마파크
F0823,사선문화제,전북,임실군,문화예술,1963,사선대광장
F0824,필봉마을굿축제,전북,임실군,문화예술,1996,필봉농악전수관
F0825,제12회 임실N치즈축제,전북,임실군,지역특산물,2015,"임실치즈테마파크, 임실치즈마을, 임실읍 일원"
F0826,임실 도자기축제,전북,임실군,문화예술,2025,구 .신전초 상월분교
F0827,2026년 제 8회 임실 산타축제,전북,임실군,주민화합,2017,임실치즈테마파크
F0828,제23회 옥천골 벚꽃축제,전북,순창군,자연생태,1998,순창읍 경천로 일원
F0829,제4회 순창 채계산 유채꽃 축제,전북,순창군,자연생태,2024,순창읍 적성면 괴정리 1255-1
F0830,제21회 순창장류축제,전북,순창군,지역특산물,2006,순창고추장민속마을 및 발효테마파크 일원
F0831,제30회 추령장승축제,전북,순창군,전통역사,1995,순창군 복형면 추령장승촌 일원
F0832,2026 순창 코리아떡볶이페스타,전북,순창군,지역특산물,2024,순창발효테마마크 및 고추장민속마을 일원
F0833,2026 순창 미리크리스마스,전북,순창군,문화예술,2022,순창발효테마파크 일원
F0834,제4회 고창벚꽃축제,전북,고창군,문화예술,2023,고창읍 석정리 727 일원
F0835,제23회 고창 청보리밭 축제,전북,고창군,자연생태,2004,공음면 학원농장관광농장 일원
F0836,하전바지락 오감체험 페스티벌,전북,고창군,자연생태,2017,심원면 하전어촌체험마을 일원
F0837,고창갯벌축제,전북,고창군,자연생태,2016,심원면 일원
F0838,제23회 고창복분자와 수박축제,전북,고창군,지역특산물,2004,선운산도립공원 일원
F0839,제53회 고창모양성제,전북,고창군,전통역사,1972,고창읍성 일원
F0840,제8회 개암동 벚꽃축제,전북,부안군,자연생태,2016,부안 상서면 개암동 일원
F0841,제13회 부안마실축제,전북,부안군,문화예술,2015,부안 해뜰마루 일원
F0842,변산 비치파티,전북,부안군,자연생태,2022,부안 변산해수욕장
F0843,고슴도치섬 위도상사화축제,전북,부안군,자연생태,2015,부안 위도해수욕장
F0844,님의 뽕 축제,전북,부안군,자연생태,2009,부안댐 광장
F0845,부안 곰소젓갈발효축제,전북,부안군,지역특산물,2004,부안 곰소리 일원
F0846,2026 부안붉은노을축제,전북,부안군,문화예술,2022,부안 변산해수욕장
F0847,부안 설숭어축제,전북,부안군,지역특산물,2007,부안 상설시장
F0848,제54회 강진청자축제,전남,강진군,전통역사,1973,고려청자박물관 일원
F0849,제29회 전라병영성축제,전남,강진군,전통역사,1998,전라병영성 일원
F0850,제4회 강진 수국길 축제,전남,강진군,자연생태,2023,보은산 일원
F0851,제4회 강진 하맥축제,전남,강진군,주민화합,2023,강진종합운동장 일원
F0852,제1회 강진 월출산 차(茶) & 정원 페스티벌(가칭),전남,강진군,자연생태,2026,월출산 일원
F0853,제11회 강진만춤추는갈대축제,전남,강진군,자연생태,2015,강진만생태공원 일원
F0854,제16회고흥우주항공축제,전남,고흥군,주민화합,2004,나로우주과학관 일원
F0855,제 24회 녹동 바다불꽃축제,전남,고흥군,주민화합,2000,녹동 구항
F0856,제5회 고흥유자축제,전남,고흥군,지역특산물,2019,풍양면 유자축제장 일원
F0857,제16회 곡성세계장미축제,전남,곡성군,문화예술,1998,곡성섬진강기차마을
F0858,제26회 곡성심청어린이대축제,전남,곡성군,문화예술,2021,곡성섬진강기차마을
F0859,제25회 광양매화축제,전남,광양시,자연생태,1997,다압면 매화마을 일원
F0860,제9회 광양천년동백축제,전남,광양시,자연생태,2023,옥룡사지 동백숲 일원
F0861,제18회 백운산국사봉철쭉축제,전남,광양시,자연생태,2005,옥구슬건강문화센터 광장 및 국사봉 일원
F0862,제25회 광양전어축제,전남,광양시,지역특산물,1998,진월면 망덕포구 일원
F0863,제22회 광양전통숯불구이축제,전남,광양시,지역특산물,1999,광양읍 서천변 일원
F0864,제6회 광양 K-POP 페스티벌,전남,광양시,문화예술,2019,관내 일원(장소 미정)
F0865,제27회 구례산수유꽃축제,전남,구례군,자연생태,1999,산동면 일원
F0866,2026 구례300리 벚꽃축제,전남,구례군,자연생태,2004,"구례읍, 문척면 일원"
F0867,제82회 지리산남악제 및 제45회 군민의 날 행사,전남,구례군,전통역사,1945,구례군 일원
F0868,2026 구례동편소리축제,전남,구례군,문화예술,2008,서시천체육공원 일원
F0869,화엄음악제,전남,구례군,문화예술,2005,화엄사 일원
F0870,제50회 지리산피아골 단풍축제,전남,구례군,자연생태,1977,토지면 일원
F0871,천년나주목읍성문화축제,전남,나주시,문화예술,2019,금성관 및 나주향교 일원
F0872,영산포 홍어축제,전남,나주시,지역특산물,2005,영산포 둔치 체육공원 일원
F0873,빛가람 빛 정원 페스타,전남,나주시,문화예술,2024,나주 빛가람 호수공원 일원
F0874,2026 설맞이 연날리기 축제,전남,나주시,전통역사,2026,나주 영산강정원 일원
F0875,2026 나주영산강 축제,전남,나주시,문화예술,2023,영산강 정원 일원
F0876,제31회 남도음식문화큰잔치,전남,나주시,전통역사,1994,나주 영산강정원 일원
F0877,제25회 담양대나무축제,전남,담양군,자연생태,1999,죽녹원 일원
F0878,대전면 지역 축제(명칭미정),전남,담양군,주민화합,2024,대전면 일원
F0879,월산면 지역 축제(명칭미정),전남,담양군,주민화합,2024,월산면 일원
F0880,제12회 창평전통음식축제,전남,담양군,문화예술,2024,창흥학당 일원
F0881,제8회 담양산타축제,전남,담양군,문화예술,2017,"메타랜드, 중앙로 일원"
F0882,2026 유달산봄소풍,전남,목포시,자연생태,1996,유달산 일원
F0883,2026 목포항구축제,전남,목포시,문화예술,2006,목포항일원
F0884,무안겨울숭어축제,전남,무안군,지역특산물,2023,양간다리 수산시장 일원
F0885,해제 유채꽃축제,전남,무안군,자연생태,2023,해제면 도리포 해변 및 유채꽃 경관단지 일원
F0886,운남 돈세고놀자축제,전남,무안군,지역특산물,2025,운남농협자재센터 일원
F0887,무안연꽃축제,전남,무안군,자연생태,1997,회산백련지 일원
F0888,황토갯벌축제,전남,무안군,자연생태,2013,무안황토갯벌랜드 일원
F0889,무안낙지축제,전남,무안군,지역특산물,2023,무안읍 중앙로 및 뻘낙지거리 일원
F0890,무안YD 페스티벌,전남,무안군,문화예술,2019,남악중앙공원 일원
F0891,제49회 보성다향대축제,전남,보성군,지역특산물,1975,한국차문화공원 일원
F0892,제13회 보성벚꽃축제,전남,보성군,자연생태,2006,대원사 일원
F0893,제28회 서편제보성소리축제,전남,보성군,문화예술,1998,보성문화예술회관
F0894,제18회 감쪽같은 보성전어축제,전남,보성군,지역특산물,2004,회천 율포솔밭해수욕장 일원
F0895,제2회 보성열선루 이순신 역사문화축제,전남,보성군,전통역사,2025,보성읍 열선루공원 일원
F0896,제22회 벌교꼬막축제,전남,보성군,지역특산물,2001,벌교읍 일원
F0897,글로벌 콘텐츠 페스티벌 in 순천,전남,순천시,문화예술,2024,오천그린광장 일원
F0898,원도심 콘텐츠 축제 '원츠(Wants) 순천',전남,순천시,문화예술,2025,남문터광장 일원
F0899,도심 해방로드 주말의광장,전남,순천시,문화예술,2025,미정
F0900,제43회 팔마문화제,전남,순천시,문화예술,1968,"남문터광장, 문화의거리 일원"
F0901,2026년 동천 야광 축제,전남,순천시,문화예술,2025,동천 일원
F0902,2026 제10회 순천 푸드앤아트페스티벌,전남,순천시,문화예술,2016,중앙로 일원
F0903,2026 순천국가유산야행,전남,순천시,전통역사,2022,원도심 유산 일원
F0904,제31회 순천 낙안읍성 민속문화축제,전남,순천시,전통역사,1994,순천 낙안읍성 일원
F0905,제27회 순천만 갈대축제,전남,순천시,자연생태,1997,순천만습지 일원
F0906,2026 섬 흑산홍어축제,전남,신안군,지역특산물,2015,예리 물항장
F0907,섬 샤스타데이지 축제,전남,신안군,자연생태,2025,장산면 화이트정원 일원
F0908,2026 섬 수선화축제,전남,신안군,자연생태,2019,지도읍 선도리 수선화정원
F0909,2026 섬크로코스미아꽃축제,전남,신안군,자연생태,2021,1004섬 분재정원
F0910,2026 섬겨울꽃축제,전남,신안군,자연생태,2012,1005섬 분재정원
F0911,2026 섬 홍매화축제,전남,신안군,자연생태,2025,튤립홍매화정원
F0912,2026 섬 튤립축제,전남,신안군,자연생태,2025,튤립홍매화정원
F0913,2026 섬 맨드라미축제,전남,신안군,자연생태,2020,병풍도 맨드라미정원
F0914,신안 비금도 샴막예술축제,전남,신안군,문화예술,2024,비금면
F0915,피아노섬 축제,전남,신안군,문화예술,2023,자은면
F0916,2026년 보물섬 함초축제,전남,신안군,자연생태,2025,증도 태평염전 일원
F0917,섬 낙지축제,전남,신안군,지역특산물,2016,송공항(전남 신안군 압해읍 송공리 873)
F0918,섬 병어축제,전남,신안군,지역특산물,2016,젓갈타운(전남 신안군 지도읍 읍내리 350-8)
F0919,섬 민어축제,전남,신안군,지역특산물,2009,대광해수욕장(전남 신안군 임자면 대기리 2523-6)
F0920,섬 왕새우축제,전남,신안군,지역특산물,2011,장목마을 일원(전남 신안군 팔금면 원산리 112-1)
F0921,섬 새우젓축제,전남,신안군,지역특산물,2013,젓갈타운(전남 신안군 지도읍 읍내리 350-8)
F0922,제34회 여수영취산진달래축제,전남,여수시,자연생태,1993,흥국사 산림공원 및 영취산 일원
F0923,제60회 여수거북선축제,전남,여수시,전통역사,1967,이순신광장 및 중앙동 일원
F0924,제24회 거문도백도은빛바다체험행사,전남,여수시,자연생태,2001,삼산면 거문도 일원
F0925,제17회 여수여자만갯벌노을체험행사,전남,여수시,자연생태,2009,소라면 장척마을 일원
F0926,2026 여수 섬 음식 축제 (여수섬슐랭페스타 명칭 변경),전남,여수시,문화예술,2025,여수세계박람회장 엑스포디지털갤러리(EDG)
F0927,2026 여수동동북축제,전남,여수시,주민화합,2018,용기공원 및 선소 일원
F0928,제31회 여수향일암일출제,전남,여수시,주민화합,1996,돌산읍 임포마을(향일암 일원)
F0929,2027년 새해 분산일출(일몰)제,전남,여수시,주민화합,,관내 일출(일몰) 명소-20개소
F0930,2026 청년거리문화한마당,전남,여수시,주민화합,2018,관내 일원(4개소-미정)
F0931,제12회 영광찰보리축제,전남,영광군,자연생태,2011,군남면 지내들 돌탑공원
F0932,2026 영광법성포단오제,전남,영광군,전통역사,,단오제전수교육관 일원
F0933,제26회 영광불갑산상사화축제,전남,영광군,자연생태,2001,불갑산관광지 일원
F0934,2026 영암왕인문화축제,전남,영암군,문화예술,1997,영암왕인박사 유적지 일원
F0935,월출산 국화축제,전남,영암군,자연생태,2009,월출산기찬랜드
F0936,마한문화축제,전남,영암군,전통역사,2015,마한 문화 역사공원
F0937,영암무화과축제,전남,영암군,지역특산물,1997,삼호읍 일원
F0938,2026 청산도 슬로걷기축제,전남,완도군,자연생태,2009,청산면 일원
F0939,2026 청정완도 가을 섬 여행,전남,완도군,자연생태,2015,완도 해변공원 및 완도 해양치유센터 일원
F0940,제25회 장성 황룡깅 길동무 꽃길 축제,전남,장성군,자연생태,1999,장성읍 황룡강 일원
F0941,2026 장성 황룡강 가을꽃 축제,전남,장성군,자연생태,2015,장성읍 황룡강 일원
F0942,제19회 정남진 장흥 물축제,전남,장흥군,자연생태,2008,장흥군 장흥읍 탐진강 및 편백숲 우드랜드 일원
F0943,2026년 장흥회령포이순신축제,전남,장흥군,전통역사,2017,회진항 물양장 및 회령진성
F0944,제23회 정남진 장흥 키조개축제,전남,장흥군,지역특산물,2004,장흥군 안양면 수문항 일원
F0945,제15회 장평 명품호도축제,전남,장흥군,지역특산물,2011,장평체육공원 및 다목적회관(명품호도 전시관)
F0946,제46회 진도신비의바닷길축제,전남,진도군,자연생태,1978,고군면 신비의바닷길 74
F0947,2026보배섬유채꽃축제,전남,진도군,자연생태,2024,조도면 관매도리 일원
F0948,제10회 진도꽃게축제,전남,진도군,지역특산물,2010,임회면 서망리 일원
F0949,2026대한민국진도개페스티벌,전남,진도군,지역특산물,2012,진도읍 진도개테마파크 일원
F0950,2026 진도 꽃양귀비(금영화)축제,전남,진도군,자연생태,2025,진도읍 수유리(백조호수공원)
F0951,2026 진도운림수국축제,전남,진도군,자연생태,2025,의신면 사천리(운림산림욕장)
F0952,2026 진도 꽃무릇축제,전남,진도군,자연생태,2025,의신면 사천리(운림산림욕장)
F0953,2026 진도국제무형문화축전,전남,진도군,문화예술,2012,진도읍 향토문화회관일원
F0954,2026 보배섬 국화축제,전남,진도군,자연생태,2024,진도읍 진도개테마파크 일원
F0955,제28회 함평나비대축제,전남,함평군,자연생태,1999,함평엑스포공원 일원
F0956,2026 함평 물놀이 페스타,전남,함평군,문화예술,2025,함평엑스포공원 물놀이장 일원
F0957,제27회 함평모악산 꽃무릇축제,전남,함평군,자연생태,2000,함평 해보면 용천사 꽃무릇공원 일원
F0958,2026 대한민국 국향대전,전남,함평군,자연생태,2004,함평엑스포공원 일원
F0959,2026 함평 겨울빛축제,전남,함평군,문화예술,2024,함평엑스포공원 일원
F0960,달마고도 힐링축제,전남,해남군,자연생태,2018,송지면 달마고도 일원
F0961,흑석산 소풍힐링축제,전남,해남군,자연생태,2021,계곡면 가학리 1 일원
F0962,두륜산 왕벚꽃나무 막걸리축제,전남,해남군,지역특산물,2025,삼산면 대흥사 일원
F0963,해남 공룡대축제,전남,해남군,문화예술,2023,황산면 공룡박물관 일원
F0964,옥천 무궁화축제,전남,해남군,전통역사,2018,옥천면 무궁화주차장 일원
F0965,명량대첩축제,전남,해남군,전통역사,2008,울돌목 일원
F0966,해남 캠핑관광박람회,전남,해남군,문화예술,2022,오시아노 관광단지 일원
F0967,해남 미남축제,전남,해남군,지역특산물,2019,삼산면 두륜산도립공원 일원
F0968,땅끝해남 해넘이해맞이 축제,전남,해남군,자연생태,1995,송지면 땅끝 관광지 일원
F0969,2026 화순 봄꽃 축제,전남,화순군,자연생태,2025,남산공원 및 꽃강길 일원
F0970,2026 화순 고인돌 가을꽃 축제,전남,화순군,전통역사,2023,고인돌 유적지 일원
F0971,제18회 화학산 철쭉제,전남,화순군,자연생태,2008,화학산
F0972,제29회 백아산 철쭉제,전남,화순군,자연생태,1999,백아산
F0973,제27회 화순운주문화축제,전남,화순군,주민화합,1996,운주사
F0974,제39회 화순적벽문화축제,전남,화순군,주민화합,1975,이서커뮤니티센터
F0975,2026 남산공원 로컬힙 프로젝트,전남,화순군,주민화합,2025,남산공원
F0976,제1회 동복 숲정이 봄꽃 축제,전남,화순군,자연생태,2026,연둔리 숲정이
F0977,2026 미리미리 크리스마스,전남,화순군,주민화합,2024,남산공원
F0978,포항캠핑페스타,경북,포항시,문화예술,2022,영일대해수욕장 일원
F0979,포항철길숲야행축제,경북,포항시,문화예술,2022,포항철길숲 일원
F0980,포항 SUMMER 워터퐝 페스티벌,경북,포항시,주민화합,2025,영일대 해상누각 광장
F0981,송도비치 레트로 페스티벌,경북,포항시,주민화합,2023,송도해수욕장 일원
F0982,포항국제불빛축제,경북,포항시,문화예술,2004,영일대해수욕장 일원
F0983,포항 낙화의 밤,경북,포항시,문화예술,2026,포항시 일원
F0984,포항해병대문화축제,경북,포항시,주민화합,2017,오천읍 일원
F0985,호미곶한민족해맞이축전,경북,포항시,문화예술,1999,호미곶해맞이광장
F0986,2026 포항 수제맥주페스티벌,경북,포항시,주민화합,2024,미정
F0987,2026년 영일만친구 야시장,경북,포항시,주민화합,2019,포항 중앙상가 일원
F0988,호미반도 유채꽃 개장식,경북,포항시,자연생태,2019,호미곶 해맞이광장 행사장
F0989,맛으로 보는 경관 푸드 페스티벌,경북,포항시,지역특산물,2025,호미곶 해맞이광장 행사장
F0990,포은문화축제,경북,포항시,주민화합,2011,오천읍 냉천수변공원
F0991,부조장터 문화축제,경북,포항시,문화예술,2008,신부조장터공원
F0992,연오랑세오녀 축제,경북,포항시,주민화합,2010,"연오랑세오녀테마파크, 동해면민운동장"
F0993,포항칠포재즈페스티벌,경북,포항시,문화예술,2007,칠포해수욕장 상설공연장
F0994,2026 포항 벤토나이트 축제,경북,포항시,지역특산물,2018,영일대 해수욕장 해상누각 앞 일원
F0995,포항 구룡포 대게 축제,경북,포항시,지역특산물,2019,구룡포아라광장
F0996,포항 호미곶 돌문어 축제,경북,포항시,지역특산물,2012,호미곶새천년광장
F0997,포항 영일만 검은돌장어 축제,경북,포항시,지역특산물,2014,동해면 도구해수욕장 또는 영일대특설행사장
F0998,포항 구룡포 과메기 축제,경북,포항시,지역특산물,1998,구룡포아라광장
F0999,2026 포항독서대전,경북,포항시,문화예술,2025,포항시립포은중앙도서관
F1000,제14회 포항맛앤락페스티벌,경북,포항시,문화예술,2013,영일대 해상누각 일원
F1001,호미반도 국수 맛 기행,경북,포항시,문화예술,2026,구룡포 아라광장 일원
F1002,치맥 페스티벌,경북,포항시,주민화합,2025,미정
F1003,2026 경주대릉원돌담길,경북,경주시,자연생태,2017,경주 대릉원돌담길
F1004,윈터포차라이트,경북,경주시,주민화합,2024,경주문화관 1918 앞 광장
F1005,2026 김천김밥축제,경북,김천시,문화예술,2024,"사명대사공원, 직지문화공원 일원"
F1006,2026 연화지 벚꽃 축제,경북,김천시,자연생태,2025,연화지 일원
F1007,2026 김천 전국 그래피티 페스타,경북,김천시,문화예술,2026,감천 백사장 맨발걷기길
F1008,제 15회 농촌체험페스티벌,경북,김천시,지역특산물,2010,농업기술센터
F1009,2026 김천포도축제,경북,김천시,지역특산물,1998,김천종합스포츠 타운
F1010,한여름밤의 김천 페스타,경북,김천시,문화예술,2026,율곡동 일원
F1011,2026년 안동벚꽃축제,경북,안동시,자연생태,2008,축제장길 200 일원
F1012,2026년 차전장군노국공주축제,경북,안동시,전통역사,1968,경동로 684 일원
F1013,2026년 안동수(水)페스타,경북,안동시,주민화합,2024,정하동 635 일원
F1014,2026년 안동국제탈춤페스티벌,경북,안동시,전통역사,1997,축제장길 200 일원
F1015,2026년 안동암산얼음축제,경북,안동시,자연생태,2009,암산 안전체험 유원지 일원
F1016,2026 안동국가유산 야행사업(월영야행),경북,안동시,전통역사,2017,월영교 일원
F1017,2026 하회선유줄불놀이,경북,안동시,전통역사,1997,하회마을 일원
F1018,구미국제조각페스티벌,경북,구미시,문화예술,2026,다온숲 일원
F1019,금오예술제,경북,구미시,문화예술,2014,금오산 분수광장
F1020,2026년 구미 일선정품 한마당 대잔치,경북,구미시,지역특산물,2025,선산 복개천 일원(예정)
F1021,2026 구미라면축제,경북,구미시,문화예술,2022,구미역 일원
F1022,2027 구미시 새희망 카운트다운,경북,구미시,주민화합,2003,동락공원 일원
F1023,2026 구미푸드&테크페스티벌,경북,구미시,문화예술,2022,송정맛길 일원
F1024,반려동물문화축제,경북,구미시,문화예술,2018,동락공원
F1025,2026년 구미 달달한 낭만 야시장,경북,구미시,주민화합,2024,"새마을중앙시장, 인동시장"
F1026,고향시장행복어울림마당(새마을중앙시장),경북,구미시,문화예술,2025,새마을중앙시장
F1027,고향시장행복어울림마당(형곡중앙시장),경북,구미시,문화예술,2026,형곡중앙시장
F1028,고향시장행복어울림마당(선산봉황시장),경북,구미시,문화예술,2025,선산봉황시장
F1029,고향시장행복어울림마당(인동시장),경북,구미시,문화예술,2025,인동시장
F1030,문화로 상권활성화 축제,경북,구미시,문화예술,2026,문화로 자율상권구역 일원
F1031,영주 한국선비문화축제,경북,영주시,문화예술,2008,"선비촌 일원(선비세상, 소수서원 등)"
F1032,영주 소백산철쭉제,경북,영주시,자연생태,1983,소백산 일원
F1033,영주 시원(ONE)페스타,경북,영주시,주민화합,2023,문정둔치 일원
F1034,영주 무섬외나무다리축제,경북,영주시,전통역사,2005,무섬마을 일원
F1035,경북영주 풍기인삼축제,경북,영주시,지역특산물,1998,풍기읍 남원천 및 인삼문화팝업공원 일원
F1036,영주장날 농특산물대축제,경북,영주시,지역특산물,2023,미정
F1037,제24회 영천한약축제,경북,영천시,지역특산물,2003,영천한의마을(예정)
F1038,2026년 영천별빛한우 구이축제,경북,영천시,지역특산물,2020,영천강변공원 일원
F1039,제14회 영천와인페스타,경북,영천시,지역특산물,2013,영천강변공원
F1040,제23회 영천보현산별빛축제,경북,영천시,지역특산물,2002,영천보현산천문과학관 일원
F1041,제6회 중악 팔공산 은빛문화제,경북,영천시,주민화합,2021,은해사
F1042,제52회 영천문화예술제,경북,영천시,문화예술,1974,영천강변공원 일원
F1043,신성일기념관 영화제,경북,영천시,문화예술,2026,신성일기념관 광장
F1044,2026 상주곶감축제,경북,상주시,지역특산물,2006,태평성대 경상감영공원
F1045,2026 벚꽃에 물든 상상주도 비박 페스티벌,경북,상주시,주민화합,2023,북천시민공원 일원
F1046,2026 상주 슬로라이프 페스티벌,경북,상주시,주민화합,2023,함창명주테마파크 일원
F1047,2026 낙동강 수상레저 페스타,경북,상주시,주민화합,2023,상주보수상레저센터 및 경천섬 일원
F1048,2026 상주세계 모자페스티벌,경북,상주시,주민화합,2023,태평성대 경상감영공원
F1049,만화웹툰페스티벌(전국 중고등 웹툰왕전),경북,상주시,문화예술,2024,"상주시립도서관, 시민문화공원"
F1050,제28회 문경찻사발축제,경북,문경시,문화예술,1999,문경새재오픈세트장 일원
F1051,제22회 문경오미자축제,경북,문경시,지역특산물,2005,문경시 동로면 일대
F1052,제15회 문경약돌한우축제,경북,문경시,지역특산물,2010,문경새재 일원
F1053,제21회 문경사과축제,경북,문경시,지역특산물,2006,문경새재 일원
F1054,2026 문경 좀비워터나이트,경북,문경시,문화예술,2019,문경 에코월드 일원
F1055,제2회 점촌점빵길 빵 축제,경북,문경시,지역특산물,2025,점촌점빵길 일원
F1056,2026년 제48회 경산자인단오제,경북,경산시,전통역사,1970,자인면 계정숲 일원
F1057,2026년 제25회 경산갓바위소원성취축제,경북,경산시,전통역사,1998,경산 갓바위 공영 주차장 일원
F1058,제3회 경산반려문화축제,경북,경산시,문화예술,2023,남천강변 일원
F1059,제16회 경산대추축제,경북,경산시,지역특산물,2012,경산생활체육공원 온마루 광장
F1060,제19회 산수유마을꽃맞이행사,경북,의성군,자연생태,2007,의성군 사곡면 화전리 일원
F1061,제4회 남대천벚꽃축제,경북,의성군,자연생태,2021,의성군 의성읍 남대천 일원
F1062,제9회 의성슈퍼푸드마늘축제,경북,의성군,지역특산물,2018,의성군 의성읍 남대천 일원
F1063,제20회 청송사과축제,경북,청송군,지역특산물,2004,청송군 청송읍 용전천 현비암 일원
F1064,청송백자 축제,경북,청송군,문화예술,2023,도예촌 일원(청송군 주왕산면 주왕산로 494)
F1065,제3회 영양꽁꽁겨울축제,경북,영양군,주민화합,2024,영양읍 현리 빙상장 일원
F1066,제21회 영양 산나물축제,경북,영양군,지역특산물,2005,영양 군청 및 읍 시가지 일원
F1067,제3회 선바위퐁당퐁당물놀이축제,경북,영양군,주민화합,2023,입암 선바위 관광지 일원
F1068,2026년 별빛반딧불이체험축제,경북,영양군,자연생태,2019,밤하늘보호공원 일원
F1069,제18회 영양고추 H.O.T Festival,경북,영양군,지역특산물,2007,서울광장
F1070,제29회 영덕대게축제,경북,영덕군,지역특산물,1998,강구 해파랑공원
F1071,제20회 영덕물가자미축제,경북,영덕군,지역특산물,2007,영덕군 축산면 축산항
F1072,영덕황금은어축제,경북,영덕군,지역특산물,1999,영덕읍 오십천
F1073,청도유천문화거리축제,경북,청도군,문화예술,2026,유천문화마을
F1074,청도반시축제,경북,청도군,문화예술,2007,청도야외공연장 일원
F1075,청도세계코미디아트페스티벌,경북,청도군,문화예술,2015,청도야외공연장 일원
F1076,고령 대가야축제,경북,고령군,전통역사,2005,고령 지산동 고분군 및 대가야박물관 일원
F1077,2026 성주참외&생명문화축제,경북,성주군,지역특산물,2004,성주 성밖숲 일원
F1078,2026 성주가야산 황금들녘 메뚜기 축제,경북,성주군,자연생태,2014,성주 수성리 어울림 마당 일원
F1079,제3회 칠곡 꿀맥 페스티벌,경북,칠곡군,지역특산물,2024,칠곡평화분수
F1080,왜관 홀리 페스티벌,경북,칠곡군,문화예술,2025,왜관수도원 일원
F1081,2026 향사국악제 및 가야금 병창전국대회,경북,칠곡군,문화예술,2014,향사아트센터
F1082,제4회 칠곡트랜스미디어 축제,경북,칠곡군,문화예술,2023,미정
F1083,제13회 칠곡낙동강평화축제,경북,칠곡군,전통역사,2013,칠곡보 생태공원
F1084,제17회 낙동강지구 전투 전승행사,경북,칠곡군,전통역사,2009,칠곡보 오토캠핑장
F1085,205 칠곡 문화거리 페스타,경북,칠곡군,문화예술,2025,왜관읍 중앙로 일대
F1086,2026 럭키칠곡 크리스마스 마켓,경북,칠곡군,문화예술,2025,왜관역 광장
F1087,회룡포 봄꽃축제,경북,예천군,자연생태,2023,회룡포 일원
F1088,예천치맥페스티벌,경북,예천군,주민화합,2026,경북도청 신도시 일원
F1089,용궁순대축제,경북,예천군,지역특산물,2012,용궁면 전통시장 일원
F1090,금당야행,경북,예천군,주민화합,2019,금당실마을 일원
F1091,삼강나루주막축제,경북,예천군,문화예술,2018,삼강문화단지 일원
F1092,활축제,경북,예천군,문화예술,2014,한천체육공원 일원
F1093,농산물축제,경북,예천군,지역특산물,1998,한천체육공원 일원
F1094,어린이날 행사,경북,예천군,주민화합,2007,곤충생태원 일원
F1095,여름방학 곤충페스티벌,경북,예천군,자연생태,2007,곤충생태원 일원
F1096,제28회 봉화은어축제,경북,봉화군,자연생태,1999,내성천 일원
F1097,제30회 봉화송이축제,경북,봉화군,지역특산물,1997,내성천 일원
F1098,2026-2027 한겨울 분천산타마을,경북,봉화군,문화예술,2014,분천산타마을
F1099,2026 울진대게와 붉은대게축제,경북,울진군,지역특산물,2000,후포항 일원
F1100,2026 죽변항 수산물축제,경북,울진군,지역특산물,2019,죽변항 일원
F1101,울릉 스노우 컬처 페스티벌,경북,울릉군,자연생태,2023,울릉군 일원
F1102,제23회 울릉도오징어축제,경북,울릉군,지역특산물,2001,울릉군 일원
F1103,문화다양성축제 MAMF(맘프) 2026,경남,창원시,문화예술,2005,"용지문화공원, 중앙대로 일원"
F1104,제8회 무점마을 코스모스축제,경남,창원시,주민화합,2019,동판저수지 코스모스길
F1105,천주산진달래축제,경남,창원시,자연생태,2011,천주산 일원
F1106,2026 창원 k-pop 월드페스티벌,경남,창원시,문화예술,2011,창원광장(미정)
F1107,제64회 진해군항제,경남,창원시,자연생태,1963,진해구 일원
F1108,제26회 마산가고파국화축제,경남,창원시,자연생태,2000,마산합포구 일원(미정)
F1109,창동 라면축제,경남,창원시,주민화합,2025,마산합포구 창동거리길 32 창동통합상가 일원
F1110,제25회 진주논개제,경남,진주시,전통역사,2002,진주성 일원
F1111,2026 진주남강유등축제,경남,진주시,전통역사,2002,"진주성, 남강 일원"
F1112,제75회 개천예술제,경남,진주시,문화예술,1949,진주시 일원
F1113,2026 코리아드라마페스티벌,경남,진주시,문화예술,2006,장대동 남강둔치 일원
F1114,2026 진주 M2 페스티벌,경남,진주시,문화예술,2019,망경동 남강둔치 일원
F1115,2026 통영어부장터축제,경남,통영시,지역특산물,2024,도남동 트라이애슬론광장
F1116,제21회 봉숫골꽃나들이 축제,경남,통영시,문화예술,2003,봉평동(봉숫골 아름다운 거리 및 용화사 광장 일원)
F1117,제65회 통영한산대첩축제,경남,통영시,전통역사,1962,통영시 일원
F1118,제11회 사천비토섬별주부전축제,경남,사천시,문화예술,2014,비토해양낚시공원 앞 주차장
F1119,제7회 선진리성 벚꽃축제,경남,사천시,문화예술,2017,선진리성 일원
F1120,제28회 와룡문화제,경남,사천시,문화예술,1995,사천시청 광장 일원
F1121,2026 사천에어쇼,경남,사천시,문화예술,2004,사천비행장 일원
F1122,제17회 사천시농업한마당축제,경남,사천시,주민화합,2007,사천시청 노을광장 일원
F1123,제23회 사천시 삼천포항 자연산 전어축제,경남,사천시,지역특산물,2002,팔포음식특화지구 일원
F1124,제10회 김해꽃축제,경남,김해시,지역특산물,1993,미정
F1125,제42회 김해진영단감축제,경남,김해시,지역특산물,1985,진영공설운동장 일원
F1126,2026 가야문화축제,경남,김해시,전통역사,1962,대성동고분군 일원
F1127,2026 김해 국가유산 야행,경남,김해시,전통역사,2017,"수로왕릉 , 대성동고분군 외 가야유적지 일원"
F1128,제6회 율하벚꽃축제,경남,김해시,문화예술,2019,율하천 만남교 광장 및 율하 카페거리 일원
F1129,제2회 김해한우축제,경남,김해시,지역특산물,2024,롯데가든파크(장유롯데아울렛)
F1130,제1회 김해 한돈페스티벌,경남,김해시,지역특산물,2026,롯데가든파크(장유롯데아울렛)
F1131,제31회 김해분청도자기축제,경남,김해시,문화예술,1996,롯데가든파크(장유롯데아울렛)(예정)
F1132,제3회 MY아리나드림페스티벌,경남,밀양시,문화예술,2024,밀양아리랑아트센터 일원
F1133,제14회 밀양삼랑진 딸기시배지 축제,경남,밀양시,지역특산물,2001,작원관지 인근 검세체육공원
F1134,제68회 밀양아리랑대축제,경남,밀양시,문화예술,1957,영남루 및 밀양강변 일원
F1135,제26회 밀양공연예술축제,경남,밀양시,문화예술,2001,"밀양아리랑아트센터, 밀양아리나 일원"
F1136,제2회 밀양 물축제,경남,밀양시,주민화합,2025,삼문동 밀양강변 일원
F1137,2026년 밀양 국가유산 야행,경남,밀양시,전통역사,2020,"밀양관아, 영남루, 밀양강 일원"
F1138,제7회 외계인대축제,경남,밀양시,문화예술,2020,삼문동 밀양강변 일원
F1139,제2회 밀양 선샤인 농산물대전,경남,밀양시,지역특산물,2025,선샤인밀양테마파크
F1140,제16회 밀양대추축제,경남,밀양시,지역특산물,2008,단장면 체육공원 일원 (아불2길 20)
F1141,제1회 밀양 매운맛 축제(가칭),경남,밀양시,주민화합,2026,삼문동 밀양강변 일원
F1142,제28회 밀양얼음골사과축제,경남,밀양시,지역특산물,1999,"선샤인밀양테마파크, 얼음골공영주차장"
F1143,남부면 수국축제,경남,거제시,자연생태,2018,저구항 일원
F1144,거제둔덕포도&한우축제,경남,거제시,지역특산물,2011,둔덕가족생활체육공원
F1145,2026년 거제 맥주축제,경남,거제시,문화예술,2017,장승포동 일원
F1146,2026년 거제여름해양축제,경남,거제시,문화예술,1994,지세포 일원
F1147,제19회 거제섬꽃축제,경남,거제시,문화예술,2006,거제시농업개발원 일원
F1148,거제옥포대첩 축제,경남,거제시,전통역사,1957,옥포대첩기념공원 및 옥포수변공원 일원
F1149,거제맹종대나무축제,경남,거제시,지역특산물,2012,거제맹종죽테마파크 일원
F1150,2026 원동매화축제,경남,양산시,지역특산물,2007,원동면 주말장터 및 쌍포다목적광장 일원
F1151,2026 물금벚꽃축제,경남,양산시,문화예술,2013,물금 황산공원 일원
F1152,2026 양산웅상회야제,경남,양산시,주민화합,2015,웅상체육공원
F1153,통도사 미디어아트,경남,양산시,전통역사,2026,통도사 일원
F1154,2026 양산삽량문화축제,경남,양산시,전통역사,1986,양산천 둔치 및 양산종합운동장 일원
F1155,2026 양산에그야페스타,경남,양산시,지역특산물,2025,황산공원
F1156,2026 양산국화축제,경남,양산시,자연생태,2005,황산공원 중부광장 일원
F1157,2026년 양산시 독서문화축제,경남,양산시,문화예술,2025,양산시립 중앙도서관 야외광장 일원
F1158,2026 배내골 사과축제,경남,양산시,지역특산물,2010,배내골 고로쇠 홍보관
F1159,제51회 의령 홍의장군축제,경남,의령군,전통역사,1973,의령읍 서동생활공원 일원
F1160,제23회 의령토요애수박축제,경남,의령군,지역특산물,2000,의령읍 서동생활공원 일원
F1161,제5회 의령 리치리치 페스티벌,경남,의령군,문화예술,2022,의령읍 서동생활공원 일원
F1162,2026년 의령 신반한지우륵문화축제,경남,의령군,문화예술,2022,부림면 일원
F1163,2026 의령 기강 리치 꽃 축제,경남,의령군,자연생태,2022,지정면 일원
F1164,함안곶감축제,경남,함안군,지역특산물,2012,함안체육관
F1165,대한민국 함안수박축제,경남,함안군,지역특산물,1993,함주공원 다목적 잔디구장
F1166,칠서생태공원 청보리 작약축제,경남,함안군,자연생태,2023,칠서면 강나루생태공원
F1167,강주해바라기 축제,경남,함안군,자연생태,2013,법수면 강주마을
F1168,아라가야문화제,경남,함안군,전통역사,1988,"함안박물관, 말이산고분군"
F1169,제21회 창녕낙동강유채축제,경남,창녕군,자연생태,2006,남지체육공원 일원
F1170,제31회 부곡온천축제,경남,창녕군,자연생태,1994,부곡온천 관광특구 일원
F1171,제65회 3.1민속문화제,경남,창녕군,전통역사,1961,영산면 일원
F1172,제40회 비사벌문화제,경남,창녕군,문화예술,1987,창녕읍 일원
F1173,고성가리비수산물축제,경남,고성군,지역특산물,2017,고성읍 공룡로 3070(남포항 일원)
F1174,고성기월안뜰 경관농업 가을꽃 축제,경남,고성군,자연생태,2020,고성기월안뜰 경관농업단지
F1175,소가야문화제,경남,고성군,전통역사,1959,송학동 고분군 및 고성군종합운동장 일원
F1176,고성독수리생태축제,경남,고성군,자연생태,2020,고성읍 기월리 독수리식당 일원
F1177,2026경남고성공룡세계엑스포,경남,고성군,문화예술,2006,당항포관광지 일원
F1178,당항포대첩축제,경남,고성군,전통역사,2002,당항포관광지 일원
F1179,꽃 피는 남해,경남,남해군,자연생태,2023,남해대교 일원
F1180,제8회 창선고사리축제,경남,남해군,지역특산물,2015,창선생활체육공원 일원
F1181,제20회 보물섬 해산물 축제,경남,남해군,지역특산물,2000,미조항 일원
F1182,제21회 남해마늘한우 축제,경남,남해군,지역특산물,2005,남해유배문학관 일원
F1183,제14회 독일마을 맥주축제,경남,남해군,전통역사,2010,독일마을 일원
F1184,제28회 화개장터 벚꽃축제,경남,하동군,지역특산물,1992,화개면 그린나래광장
F1185,제29회 하동야생차문화축제,경남,하동군,지역특산물,1996,화개면 일원
F1186,"하동을 먹다, 하동별맛축제",경남,하동군,지역특산물,2024,하동송림공원
F1187,제9회 하동섬진강문화재첩축제,경남,하동군,지역특산물,2015,하동송림 일원
F1188,제11회 하동북천 꽃양귀비 축제,경남,하동군,자연생태,2015,북천면 일원
F1189,"제19회 하동 북천 코스모스,메밀꽃 축제",경남,하동군,자연생태,2007,북천면 일원
F1190,산청황매산철쭉제,경남,산청군,자연생태,1982,황매산 일원
F1191,ON산청 빛나는 여름밤 페스티벌,경남,산청군,문화예술,2023,산청읍 조산공원 일원
F1192,생초국제조각공원꽃잔디축제,경남,산청군,자연생태,2017,생초국제조각공원
F1193,산청한방약초축제,경남,산청군,지역특산물,2001,동의보감촌
F1194,지리산산청곶감축제,경남,산청군,지역특산물,2008,산청곶감유통센터 일원
F1195,산청 농특산물 대제전,경남,산청군,지역특산물,2024,동의보감촌 일원
F1196,제7회 지리산 마천골흑돼지&산나물 축제,경남,함양군,지역특산물,2019,마천면 생활체육공원 일원
F1197,제11회 지리산함양 백전오미자 축제,경남,함양군,지역특산물,2016,백전면 다목적광장 일원
F1198,제65회 천령문화제,경남,함양군,문화예술,1962,상림공원 일원
F1199,제23회 함양연암문화제,경남,함양군,문화예술,2004,안의면 체육공원
F1200,제21회 함양산삼축제,경남,함양군,지역특산물,2004,상림공원 일원
F1201,제3회 서상면 남덕유산 대축제,경남,함양군,주민화합,2024,서상면 대남리 1750-1 일원
F1202,제7회 거창 아리미아 꽃 축제,경남,거창군,자연생태,2019,거창창포원
F1203,제36회 거창국제연극제,경남,거창군,문화예술,1989,수승대일원
F1204,2026 거창한마당대축제,경남,거창군,문화예술,2015,거창스포츠파크 및 거창읍 일원
F1205,제6회 감악산 꽃별여행,경남,거창군,자연생태,2021,신원면 연수사길 452
F1206,제42회 대야문화제,경남,합천군,문화예술,1982,합천읍 일원
F1207,2026 대장경기록문화축제,경남,합천군,문화예술,2011,대장경테마파크
F1208,고스트파크 축제,경남,합천군,문화예술,2014,합천영상테마파크
F1209,제30회 황매산철쭉제,경남,합천군,자연생태,1997,황매산군립공원 일원
F1210,제5회 황매산억새축제,경남,합천군,자연생태,2022,황매산군립공원 일원
F1211,제4회 합천황토한우축제,경남,합천군,지역특산물,2023,합천군민체육공원
F1212,2026 제주들불축제,제주,제주시,전통역사,1997,새별오름 일원
F1213,제8회 애월읍 왕벚꽃축제,제주,제주시,주민화합,2016,장전리벚꽃거리
F1214,2026년 제3회 제주마 입목 문화 축제,제주,제주시,자연생태,2024,제주마 방목지
F1215,제23회 방선문축제,제주,제주시,전통역사,2004,방선문 일원
F1216,제27회 제주과학축전,제주,제주시,문화예술,2000,제주시민복지타운
F1217,2026 제주레저힐링축제,제주,제주시,문화예술,2022,제주시 일원
F1218,제21회 제주이호테우축제,제주,제주시,전통역사,2004,이호테우해수욕장
F1219,2026년 천연염색 홍보행사,제주,제주시,문화예술,2012,서귀포농업기술센터
F1220,제11회 월대천축제,제주,제주시,주민화합,2013,월대천 광장 일원
F1221,2026 제주수학축전,제주,서귀포시,문화예술,2000,제주 ICC
F1222,제19회 제주해녀축제,제주,제주시,문화예술,2007,해녀박물관 일원
F1223,2026년 애월읍 농수축박람회,제주,제주시,주민화합,2018,새별오름
F1224,제11회 고마로마문화축제,제주,제주시,문화예술,2014,신산공원
F1225,제26회 최남단 방어 축제,제주,서귀포시,지역특산물,2001,모슬포항 일원
F1226,제7회 서귀포 은갈치 축제,제주,서귀포시,지역특산물,2018,서귀포항 일원
F1227,제18회 추자도 참굴비 대축제,제주,제주시,지역특산물,2008,추자항 일원
F1228,제9회 제주광어 대축제,제주,제주시,지역특산물,2016,제주어류양식수산업협동조합
F1229,네 번째 서홍동 웃물교 벚꽃구경,제주,서귀포시,자연생태,2023,서홍동 웃물교 일원
F1230,제18회 솜반천 청소년 문화축제,제주,서귀포시,문화예술,2008,서홍동 솜반천 일원
F1231,"제5회 화북, 포구문화제",제주,제주시,문화예술,2022,화북포구 일원
F1232,제17회 금능원담축제,제주,제주시,전통역사,2010,금능해수욕장 일원
F1233,제5회 월정한모살축제,제주,제주시,주민화합,2020,월정해수욕장
F1234,제주 성읍마을 정의현감 행차재현 및 전통민요공연 축제,제주,서귀포시,전통역사,2016,제주 성읍마을 일원
F1235,제17회 거문오름 트레킹,제주,제주시,자연생태,2008,거문오름 일원
F1236,2026 세계유산축전,제주,제주시,자연생태,2020,세계유산지구 일대
F1237,제32회 제주 성읍마을 전통민속 재현축제,제주,서귀포시,전통역사,1993,제주 성읍마을 일원
F1238,제16회 혼인지 축제,제주,서귀포시,전통역사,2009,제주 혼인지 내
F1239,제주 무형유산 대전,제주,제주시,전통역사,2022,도 일원
F1240,제34회 성산일출축제,제주,서귀포시,주민화합,1994,성산일출봉 일원
F1241,2026 제21회 중문칠선녀축제,제주,서귀포시,주민화합,1995,중문 천제연공원 일원
F1242,제21회 제주마축제,제주,제주시,전통역사,2003,렛츠런파크 제주
F1243,2026년 제주 도새기 축제,제주,제주시,지역특산물,2003,제주새별오름
F1244,제1회 송산동 부시리 축제,제주,서귀포시,지역특산물,2026,자구리 공원
F1245,제22회 보목자리돔 축제,제주,서귀포시,지역특산물,2000,보목포구
F1246,제2회 도두 썸머리 워터 페스티벌,제주,제주시,주민화합,2025,오래물광장
F1247,제43회 서귀포유채꽃축제,제주,서귀포시,자연생태,1983,표선면 가시리 유채꽃광장 일대
F1248,제32회 서귀포칠십리축제,제주,서귀포시,문화예술,1995,서귀포 천지연폭포 주차장 일대
F1249,제19회 전농로 왕벚꽃 축제,제주,제주시,자연생태,1991,삼도1동 전농로 일대
F1250,제24회 예래생태체험축제,제주,서귀포시,자연생태,2000,논짓물 일원
F1251,제3회 예래사자마을 봄꽃나들이 행사,제주,서귀포시,자연생태,2024,대왕수천 일원
F1252,제15회 우도 소라축제,제주,제주시,지역특산물,2009,천진항 일원
F1253,제30회 한라산 청정 고사리축제,제주,서귀포시,지역특산물,1995,한남리 1662-5번지 일원
F1254,2026 봉개오름축제,제주,제주시,문화예술,2016,봉개문화교류센터
F1255,제22회 쇠소깍 축제,제주,서귀포시,주민화합,2003,하효항 및 쇠소깍 일원
F1256,성산엔 벚꽃길따라 행복한 동행,제주,서귀포시,문화예술,2024,성산읍 신풍레포츠공원
F1257,수국과 공연이 꽃피는 혼인지,제주,서귀포시,문화예술,2022,"서귀포시 성산읍 온평리 혼인지 야외마당, 온평리 서포구 잔디마당"
F1258,성산 조개바당축제,제주,서귀포시,자연생태,2022,성산읍 고성리 내수면
F1259,와흘메밀문화제(봄),제주,제주시,지역특산물,2021,조천읍 남조로 2455 일원
F1260,와흘메밀문화제(가을),제주,제주시,지역특산물,2021,조천읍 남조로 2455 일원
F1261,"벚꽃오름, 봄소풍(골체오름 벚꽃축제)",제주,제주시,자연생태,2025,골체오름 일원
F1262,제16회 산지천축제,제주,제주시,문화예술,2008,제주시 산지천 일원
F1263,병오년 탐라국 입춘굿,제주,제주시,전통역사,1994,도내일원
F1264,제주국제관악제,제주,제주시,문화예술,1995,도내일원
F1265,탐라문화제,제주,제주시,문화예술,1962,도내일원
F1266,2026 영천동해바라기 축제,제주,서귀포시,자연생태,2023,토평동2981번지 일원
