festival_code,theme_code,theme_tag
F0001,CA06,복합문화예술
F0002,NE01,꽃·식물
F0002,NE04,계절·자연경관
F0003,CA03,빛·미디어아트
F0004,CA03,빛·미디어아트
F0005,CA06,복합문화예술
F0006,CA06,복합문화예술
F0007,CC05,지역상권·마켓
F0008,CA06,복합문화예술
F0009,CA01,음악·공연
F0010,CA01,음악·공연
F0011,CC01,주민화합·마을
F0012,CA06,복합문화예술
F0013,CA06,복합문화예술
F0014,CA06,복합문화예술
F0015,CA03,빛·미디어아트
F0016,NE01,꽃·식물
F0017,CA06,복합문화예술
F0018,CA06,복합문화예술
F0019,HT02,전통문화·민속
F0020,CA06,복합문화예술
F0021,NE01,꽃·식물
F0022,CA06,복합문화예술
F0023,CA03,빛·미디어아트
F0024,HT01,역사인물·사건
F0025,CA06,복합문화예술
F0026,CC02,먹거리·야시장
F0027,CA01,음악·공연
F0028,HT01,역사인물·사건
F0029,CA06,복합문화예술
F0030,NE01,꽃·식물
F0031,CA06,복합문화예술
F0032,CC02,먹거리·야시장
F0033,CA06,복합문화예술
F0034,CA06,복합문화예술
F0035,HT02,전통문화·민속
F0036,CA06,복합문화예술
F0037,CC01,주민화합·마을
F0038,CA01,음악·공연
F0039,NE01,꽃·식물
F0040,CA06,복합문화예술
F0041,NE01,꽃·식물
F0041,NE02,숲·산·걷기
F0042,CC04,가족·어린이
F0043,CA06,복합문화예술
F0044,CA03,빛·미디어아트
F0044,CA05,문학·책
F0045,CC02,먹거리·야시장
F0046,CA06,복합문화예술
F0047,HT01,역사인물·사건
F0047,HT02,전통문화·민속
F0048,CA06,복합문화예술
F0049,CA02,미술·공예·디자인
F0050,CA06,복합문화예술
F0051,CC05,지역상권·마켓
F0052,CA06,복합문화예술
F0053,CA06,복합문화예술
F0054,CA06,복합문화예술
F0055,CA01,음악·공연
F0056,CA06,복합문화예술
F0057,CA06,복합문화예술
F0058,CA01,음악·공연
F0059,HT02,전통문화·민속
F0060,CA06,복합문화예술
F0061,CA06,복합문화예술
F0062,CC01,주민화합·마을
F0063,CC02,먹거리·야시장
F0064,CA06,복합문화예술
F0065,CA06,복합문화예술
F0066,CA02,미술·공예·디자인
F0067,CA06,복합문화예술
F0068,CA06,복합문화예술
F0069,CA06,복합문화예술
F0070,CA01,음악·공연
F0071,CA06,복합문화예술
F0072,CA06,복합문화예술
F0073,CA06,복합문화예술
F0074,CC01,주민화합·마을
F0075,HT01,역사인물·사건
F0076,HT03,문화유산
F0077,HT02,전통문화·민속
F0078,NE02,숲·산·걷기
F0079,CA06,복합문화예술
F0080,CA06,복합문화예술
F0081,LS05,주류·차·음료
F0082,LS02,수산물·해산물
F0083,CA03,빛·미디어아트
F0084,LS02,수산물·해산물
F0085,CA06,복합문화예술
F0086,NE03,강·바다·수변
F0087,CA06,복합문화예술
F0088,CA04,영화·영상·콘텐츠
F0089,CA06,복합문화예술
F0090,CA06,복합문화예술
F0091,NE01,꽃·식물
F0092,CA03,빛·미디어아트
F0093,CA06,복합문화예술
F0094,CA06,복합문화예술
F0095,CA06,복합문화예술
F0096,HT01,역사인물·사건
F0096,HT03,문화유산
F0097,CA03,빛·미디어아트
F0098,CA06,복합문화예술
F0099,CA06,복합문화예술
F0100,CA06,복합문화예술
F0101,CA06,복합문화예술
F0102,HT02,전통문화·민속
F0103,NE03,강·바다·수변
F0104,CA06,복합문화예술
F0105,CA03,빛·미디어아트
F0106,CA06,복합문화예술
F0107,CA06,복합문화예술
F0108,HT02,전통문화·민속
F0109,CA04,영화·영상·콘텐츠
F0110,CA02,미술·공예·디자인
F0111,CA06,복합문화예술
F0112,CA01,음악·공연
F0113,HT03,문화유산
F0114,CA06,복합문화예술
F0115,HT03,문화유산
F0116,LS01,농산물·과일
F0117,NE01,꽃·식물
F0117,NE03,강·바다·수변
F0118,LS02,수산물·해산물
F0119,HT02,전통문화·민속
F0120,CA06,복합문화예술
F0121,CA06,복합문화예술
F0122,CA06,복합문화예술
F0123,CA06,복합문화예술
F0124,CA01,음악·공연
F0125,CA06,복합문화예술
F0126,LS02,수산물·해산물
F0127,LS02,수산물·해산물
F0128,LS02,수산물·해산물
F0129,LS03,축산물
F0129,LS04,음식·향토먹거리
F0130,CA06,복합문화예술
F0131,CA01,음악·공연
F0132,CA01,음악·공연
F0133,HT02,전통문화·민속
F0134,HT02,전통문화·민속
F0135,LS05,주류·차·음료
F0136,HT02,전통문화·민속
F0137,CA06,복합문화예술
F0138,CA06,복합문화예술
F0139,CA06,복합문화예술
F0140,CA02,미술·공예·디자인
F0141,CA06,복합문화예술
F0142,HT02,전통문화·민속
F0143,HT02,전통문화·민속
F0144,NE01,꽃·식물
F0144,NE02,숲·산·걷기
F0145,NE04,계절·자연경관
F0146,NE04,계절·자연경관
F0146,NE02,숲·산·걷기
F0147,HT02,전통문화·민속
F0148,CA06,복합문화예술
F0149,CA06,복합문화예술
F0150,CA01,음악·공연
F0151,CA06,복합문화예술
F0152,CA06,복합문화예술
F0153,CC02,먹거리·야시장
F0154,CA03,빛·미디어아트
F0155,NE01,꽃·식물
F0156,CC01,주민화합·마을
F0157,HT03,문화유산
F0158,CA06,복합문화예술
F0159,CA06,복합문화예술
F0160,CA06,복합문화예술
F0161,CA06,복합문화예술
F0162,CA06,복합문화예술
F0163,CA01,음악·공연
F0164,LS04,음식·향토먹거리
F0165,CA06,복합문화예술
F0166,CA06,복합문화예술
F0167,CA06,복합문화예술
F0168,HT02,전통문화·민속
F0169,NE01,꽃·식물
F0169,NE03,강·바다·수변
F0170,HT01,역사인물·사건
F0171,CA01,음악·공연
F0172,LS01,농산물·과일
F0173,LS06,특산품·공예
F0174,CA06,복합문화예술
F0175,CC01,주민화합·마을
F0176,CC01,주민화합·마을
F0177,CA06,복합문화예술
F0178,CA06,복합문화예술
F0179,CC01,주민화합·마을
F0180,CC01,주민화합·마을
F0181,HT03,문화유산
F0182,CC01,주민화합·마을
F0183,NE03,강·바다·수변
F0184,CA01,음악·공연
F0185,CC03,스포츠·레저
F0186,CA06,복합문화예술
F0187,NE03,강·바다·수변
F0187,NE04,계절·자연경관
F0188,CA02,미술·공예·디자인
F0189,CA02,미술·공예·디자인
F0190,CA06,복합문화예술
F0191,CA02,미술·공예·디자인
F0192,CA06,복합문화예술
F0193,LS04,음식·향토먹거리
F0193,LS02,수산물·해산물
F0194,CC02,먹거리·야시장
F0195,CC05,지역상권·마켓
F0196,CA06,복합문화예술
F0197,HT03,문화유산
F0198,CA06,복합문화예술
F0199,CA06,복합문화예술
F0200,CA01,음악·공연
F0201,NE01,꽃·식물
F0201,NE04,계절·자연경관
F0202,CC02,먹거리·야시장
F0203,HT02,전통문화·민속
F0204,CA05,문학·책
F0205,CA06,복합문화예술
F0206,CA01,음악·공연
F0207,CA06,복합문화예술
F0208,CA06,복합문화예술
F0209,CC01,주민화합·마을
F0210,CA06,복합문화예술
F0211,CA05,문학·책
F0211,CA03,빛·미디어아트
F0212,CC01,주민화합·마을
F0213,CA06,복합문화예술
F0214,CA02,미술·공예·디자인
F0215,HT03,문화유산
F0216,CA06,복합문화예술
F0217,CA02,미술·공예·디자인
F0218,CC01,주민화합·마을
F0219,NE03,강·바다·수변
F0220,CA06,복합문화예술
F0221,CA01,음악·공연
F0222,CA06,복합문화예술
F0223,NE01,꽃·식물
F0224,CA03,빛·미디어아트
F0225,CA06,복합문화예술
F0226,NE01,꽃·식물
F0226,NE02,숲·산·걷기
F0227,CA06,복합문화예술
F0228,CA06,복합문화예술
F0229,HT03,문화유산
F0230,CC01,주민화합·마을
F0231,NE01,꽃·식물
F0231,NE02,숲·산·걷기
F0232,NE01,꽃·식물
F0232,NE04,계절·자연경관
F0233,NE01,꽃·식물
F0233,NE05,생태·환경
F0234,NE01,꽃·식물
F0234,NE03,강·바다·수변
F0235,NE01,꽃·식물
F0235,NE04,계절·자연경관
F0236,CA06,복합문화예술
F0237,CA06,복합문화예술
F0238,CA01,음악·공연
F0239,CA06,복합문화예술
F0240,CA01,음악·공연
F0241,LS04,음식·향토먹거리
F0242,HT02,전통문화·민속
F0243,CA01,음악·공연
F0244,CC01,주민화합·마을
F0245,CC03,스포츠·레저
F0246,CA06,복합문화예술
F0247,CA06,복합문화예술
F0248,CA06,복합문화예술
F0249,NE01,꽃·식물
F0250,CA06,복합문화예술
F0251,CA06,복합문화예술
F0252,CA04,영화·영상·콘텐츠
F0253,CC01,주민화합·마을
F0254,CA06,복합문화예술
F0255,LS03,축산물
F0255,LS04,음식·향토먹거리
F0256,LS01,농산물·과일
F0257,NE03,강·바다·수변
F0258,CA06,복합문화예술
F0259,CA04,영화·영상·콘텐츠
F0260,HT02,전통문화·민속
F0261,LS01,농산물·과일
F0261,LS06,특산품·공예
F0262,CC01,주민화합·마을
F0263,CA05,문학·책
F0264,LS01,농산물·과일
F0265,CA06,복합문화예술
F0266,CA01,음악·공연
F0267,NE01,꽃·식물
F0267,NE02,숲·산·걷기
F0268,CA01,음악·공연
F0269,HT03,문화유산
F0270,CA01,음악·공연
F0271,HT01,역사인물·사건
F0271,HT02,전통문화·민속
F0272,CA03,빛·미디어아트
F0272,CA02,미술·공예·디자인
F0273,CA03,빛·미디어아트
F0274,CC01,주민화합·마을
F0275,CC01,주민화합·마을
F0276,CC04,가족·어린이
F0277,HT02,전통문화·민속
F0277,HT01,역사인물·사건
F0278,CC01,주민화합·마을
F0279,CC01,주민화합·마을
F0280,CA06,복합문화예술
F0281,CA02,미술·공예·디자인
F0282,CA06,복합문화예술
F0283,CC01,주민화합·마을
F0284,CA04,영화·영상·콘텐츠
F0285,CA04,영화·영상·콘텐츠
F0286,CA04,영화·영상·콘텐츠
F0287,CA04,영화·영상·콘텐츠
F0288,CA06,복합문화예술
F0289,CA06,복합문화예술
F0290,CC02,먹거리·야시장
F0291,CA06,복합문화예술
F0292,NE01,꽃·식물
F0292,NE02,숲·산·걷기
F0293,NE01,꽃·식물
F0293,NE02,숲·산·걷기
F0294,HT01,역사인물·사건
F0294,HT02,전통문화·민속
F0295,NE02,숲·산·걷기
F0296,NE05,생태·환경
F0296,NE02,숲·산·걷기
F0297,CA06,복합문화예술
F0298,CA06,복합문화예술
F0299,CA06,복합문화예술
F0300,HT01,역사인물·사건
F0301,LS01,농산물·과일
F0302,CA06,복합문화예술
F0303,CA06,복합문화예술
F0304,NE01,꽃·식물
F0305,CA06,복합문화예술
F0306,CA06,복합문화예술
F0307,CC01,주민화합·마을
F0308,CA06,복합문화예술
F0309,CA01,음악·공연
F0310,CC01,주민화합·마을
F0311,CA06,복합문화예술
F0312,CA06,복합문화예술
F0313,NE03,강·바다·수변
F0314,HT02,전통문화·민속
F0315,CC01,주민화합·마을
F0316,CA05,문학·책
F0317,CA06,복합문화예술
F0318,CA04,영화·영상·콘텐츠
F0319,CA03,빛·미디어아트
F0320,CA06,복합문화예술
F0321,CA06,복합문화예술
F0322,HT02,전통문화·민속
F0323,CC05,지역상권·마켓
F0324,CA06,복합문화예술
F0325,LS01,농산물·과일
F0326,LS01,농산물·과일
F0327,CC01,주민화합·마을
F0328,CA06,복합문화예술
F0329,CA06,복합문화예술
F0330,CA01,음악·공연
F0331,CA06,복합문화예술
F0332,CA06,복합문화예술
F0333,CA05,문학·책
F0334,CC01,주민화합·마을
F0335,CC02,먹거리·야시장
F0336,LS04,음식·향토먹거리
F0337,HT02,전통문화·민속
F0337,HT03,문화유산
F0338,HT01,역사인물·사건
F0339,LS01,농산물·과일
F0340,HT02,전통문화·민속
F0340,HT03,문화유산
F0341,HT01,역사인물·사건
F0342,HT03,문화유산
F0343,NE03,강·바다·수변
F0344,CC01,주민화합·마을
F0345,CA06,복합문화예술
F0346,CA03,빛·미디어아트
F0347,NE01,꽃·식물
F0347,NE04,계절·자연경관
F0348,CA06,복합문화예술
F0349,CC01,주민화합·마을
F0350,CA03,빛·미디어아트
F0351,CA06,복합문화예술
F0352,CC01,주민화합·마을
F0353,NE01,꽃·식물
F0354,CA02,미술·공예·디자인
F0355,CC01,주민화합·마을
F0356,LS01,농산물·과일
F0357,LS01,농산물·과일
F0358,CC01,주민화합·마을
F0359,LS01,농산물·과일
F0360,NE01,꽃·식물
F0360,NE02,숲·산·걷기
F0361,CA06,복합문화예술
F0362,CA06,복합문화예술
F0363,CA03,빛·미디어아트
F0364,HT02,전통문화·민속
F0365,LS01,농산물·과일
F0366,HT02,전통문화·민속
F0367,CA06,복합문화예술
F0368,CA06,복합문화예술
F0369,CA06,복합문화예술
F0370,CA03,빛·미디어아트
F0371,LS06,특산품·공예
F0372,CA06,복합문화예술
F0373,CA06,복합문화예술
F0374,CA06,복합문화예술
F0375,NE01,꽃·식물
F0375,NE03,강·바다·수변
F0376,NE01,꽃·식물
F0376,NE04,계절·자연경관
F0377,CA06,복합문화예술
F0378,CA06,복합문화예술
F0379,CC01,주민화합·마을
F0380,LS03,축산물
F0381,LS01,농산물·과일
F0381,LS06,특산품·공예
F0382,LS01,농산물·과일
F0383,CC01,주민화합·마을
F0384,CA06,복합문화예술
F0385,CA04,영화·영상·콘텐츠
F0386,CC01,주민화합·마을
F0387,CC03,스포츠·레저
F0388,LS01,농산물·과일
F0389,LS01,농산물·과일
F0390,LS01,농산물·과일
F0391,LS04,음식·향토먹거리
F0392,LS03,축산물
F0393,LS06,특산품·공예
F0394,CC01,주민화합·마을
F0395,NE03,강·바다·수변
F0396,CA06,복합문화예술
F0397,NE03,강·바다·수변
F0397,NE01,꽃·식물
F0398,CC01,주민화합·마을
F0399,LS06,특산품·공예
F0400,HT02,전통문화·민속
F0401,CC01,주민화합·마을
F0402,LS01,농산물·과일
F0403,CA06,복합문화예술
F0404,CA06,복합문화예술
F0405,CA06,복합문화예술
F0406,CA06,복합문화예술
F0407,CA01,음악·공연
F0408,CA06,복합문화예술
F0409,CA06,복합문화예술
F0410,CA01,음악·공연
F0411,CA01,음악·공연
F0412,HT02,전통문화·민속
F0413,NE01,꽃·식물
F0413,NE03,강·바다·수변
F0414,NE03,강·바다·수변
F0415,NE03,강·바다·수변
F0416,NE01,꽃·식물
F0416,NE03,강·바다·수변
F0417,LS01,농산물·과일
F0417,LS06,특산품·공예
F0418,LS04,음식·향토먹거리
F0418,LS03,축산물
F0419,CA06,복합문화예술
F0420,CA06,복합문화예술
F0421,CA01,음악·공연
F0422,CA06,복합문화예술
F0423,CA01,음악·공연
F0424,HT01,역사인물·사건
F0425,CA01,음악·공연
F0426,CA02,미술·공예·디자인
F0427,CA04,영화·영상·콘텐츠
F0428,CA01,음악·공연
F0429,CA01,음악·공연
F0430,CA06,복합문화예술
F0431,CA01,음악·공연
F0432,CA06,복합문화예술
F0433,CA01,음악·공연
F0434,CA06,복합문화예술
F0435,CA06,복합문화예술
F0436,CA06,복합문화예술
F0437,LS03,축산물
F0438,CA05,문학·책
F0439,CA06,복합문화예술
F0440,CA04,영화·영상·콘텐츠
F0441,CA06,복합문화예술
F0442,LS01,농산물·과일
F0443,CA03,빛·미디어아트
F0444,CA03,빛·미디어아트
F0445,CA06,복합문화예술
F0446,CA06,복합문화예술
F0447,NE01,꽃·식물
F0448,NE01,꽃·식물
F0449,CC01,주민화합·마을
F0450,CC01,주민화합·마을
F0451,CC05,지역상권·마켓
F0452,CC01,주민화합·마을
F0453,CC01,주민화합·마을
F0454,CC01,주민화합·마을
F0455,LS04,음식·향토먹거리
F0456,CC02,먹거리·야시장
F0456,CC05,지역상권·마켓
F0457,LS03,축산물
F0458,CA06,복합문화예술
F0459,LS01,농산물·과일
F0460,LS01,농산물·과일
F0461,LS01,농산물·과일
F0462,HT02,전통문화·민속
F0463,NE01,꽃·식물
F0464,NE01,꽃·식물
F0465,NE01,꽃·식물
F0465,NE02,숲·산·걷기
F0466,CA06,복합문화예술
F0467,HT02,전통문화·민속
F0468,CA06,복합문화예술
F0469,CA01,음악·공연
F0470,CA06,복합문화예술
F0471,NE03,강·바다·수변
F0472,HT03,문화유산
F0473,LS04,음식·향토먹거리
F0474,CC02,먹거리·야시장
F0475,CC01,주민화합·마을
F0476,CC01,주민화합·마을
F0477,CA06,복합문화예술
F0478,CA06,복합문화예술
F0479,CC01,주민화합·마을
F0480,NE01,꽃·식물
F0480,NE03,강·바다·수변
F0481,NE01,꽃·식물
F0482,CC02,먹거리·야시장
F0483,CC01,주민화합·마을
F0484,CC01,주민화합·마을
F0485,NE02,숲·산·걷기
F0486,NE03,강·바다·수변
F0487,LS01,농산물·과일
F0487,LS06,특산품·공예
F0488,LS04,음식·향토먹거리
F0489,NE01,꽃·식물
F0490,HT02,전통문화·민속
F0491,CA06,복합문화예술
F0492,CA06,복합문화예술
F0493,CA06,복합문화예술
F0494,HT02,전통문화·민속
F0495,NE01,꽃·식물
F0496,LS01,농산물·과일
F0496,LS06,특산품·공예
F0497,NE01,꽃·식물
F0498,CA06,복합문화예술
F0499,CA04,영화·영상·콘텐츠
F0500,HT01,역사인물·사건
F0501,CA06,복합문화예술
F0502,HT03,문화유산
F0503,CA05,문학·책
F0504,LS05,주류·차·음료
F0505,HT02,전통문화·민속
F0506,LS01,농산물·과일
F0506,LS06,특산품·공예
F0507,LS01,농산물·과일
F0508,LS05,주류·차·음료
F0509,LS01,농산물·과일
F0509,LS03,축산물
F0510,LS01,농산물·과일
F0511,LS03,축산물
F0512,LS01,농산물·과일
F0513,LS01,농산물·과일
F0514,LS04,음식·향토먹거리
F0515,CC01,주민화합·마을
F0516,CC01,주민화합·마을
F0517,HT02,전통문화·민속
F0517,HT01,역사인물·사건
F0518,HT02,전통문화·민속
F0518,HT04,전통공연·무형유산
F0519,HT02,전통문화·민속
F0519,HT01,역사인물·사건
F0520,CA06,복합문화예술
F0521,CA06,복합문화예술
F0522,HT02,전통문화·민속
F0523,CA01,음악·공연
F0524,NE05,생태·환경
F0525,CA06,복합문화예술
F0526,HT02,전통문화·민속
F0526,HT04,전통공연·무형유산
F0527,NE01,꽃·식물
F0528,LS02,수산물·해산물
F0529,NE04,계절·자연경관
F0529,NE01,꽃·식물
F0530,LS04,음식·향토먹거리
F0530,LS01,농산물·과일
F0531,NE01,꽃·식물
F0531,NE03,강·바다·수변
F0532,HT02,전통문화·민속
F0533,LS06,특산품·공예
F0534,NE01,꽃·식물
F0534,NE02,숲·산·걷기
F0535,CC01,주민화합·마을
F0536,LS01,농산물·과일
F0537,NE02,숲·산·걷기
F0538,CC01,주민화합·마을
F0539,HT02,전통문화·민속
F0540,HT04,전통공연·무형유산
F0541,NE01,꽃·식물
F0541,NE04,계절·자연경관
F0542,LS01,농산물·과일
F0543,NE04,계절·자연경관
F0543,NE03,강·바다·수변
F0544,NE03,강·바다·수변
F0545,CA01,음악·공연
F0546,NE03,강·바다·수변
F0547,HT02,전통문화·민속
F0548,NE02,숲·산·걷기
F0548,NE04,계절·자연경관
F0549,LS01,농산물·과일
F0550,NE04,계절·자연경관
F0550,NE02,숲·산·걷기
F0551,LS06,특산품·공예
F0552,CA06,복합문화예술
F0553,CC01,주민화합·마을
F0554,LS01,농산물·과일
F0555,NE04,계절·자연경관
F0556,NE04,계절·자연경관
F0556,NE01,꽃·식물
F0557,NE05,생태·환경
F0558,NE05,생태·환경
F0559,NE02,숲·산·걷기
F0559,NE03,강·바다·수변
F0560,CA01,음악·공연
F0561,CC01,주민화합·마을
F0562,NE04,계절·자연경관
F0562,NE01,꽃·식물
F0563,LS01,농산물·과일
F0563,LS06,특산품·공예
F0564,HT02,전통문화·민속
F0565,CC01,주민화합·마을
F0566,NE01,꽃·식물
F0566,NE03,강·바다·수변
F0567,CC01,주민화합·마을
F0568,CA06,복합문화예술
F0569,LS06,특산품·공예
F0570,CA06,복합문화예술
F0571,LS03,축산물
F0572,CA06,복합문화예술
F0573,CA06,복합문화예술
F0574,LS06,특산품·공예
F0575,CC02,먹거리·야시장
F0576,LS04,음식·향토먹거리
F0577,LS06,특산품·공예
F0578,CC01,주민화합·마을
F0579,CC01,주민화합·마을
F0580,CA06,복합문화예술
F0581,NE01,꽃·식물
F0582,LS06,특산품·공예
F0583,HT02,전통문화·민속
F0584,HT03,문화유산
F0585,CA03,빛·미디어아트
F0585,CA02,미술·공예·디자인
F0586,CA06,복합문화예술
F0587,CA01,음악·공연
F0588,CA06,복합문화예술
F0589,CA06,복합문화예술
F0590,CA06,복합문화예술
F0591,CA06,복합문화예술
F0592,CA06,복합문화예술
F0593,CA06,복합문화예술
F0594,HT02,전통문화·민속
F0595,HT03,문화유산
F0596,LS06,특산품·공예
F0597,CA06,복합문화예술
F0598,CA06,복합문화예술
F0599,CA06,복합문화예술
F0600,CA06,복합문화예술
F0601,LS06,특산품·공예
F0602,NE01,꽃·식물
F0602,NE03,강·바다·수변
F0603,LS06,특산품·공예
F0604,LS01,농산물·과일
F0605,CC01,주민화합·마을
F0606,LS01,농산물·과일
F0607,CC02,먹거리·야시장
F0607,CC05,지역상권·마켓
F0608,CA06,복합문화예술
F0609,NE01,꽃·식물
F0609,NE02,숲·산·걷기
F0610,LS01,농산물·과일
F0611,LS01,농산물·과일
F0611,LS06,특산품·공예
F0612,LS02,수산물·해산물
F0612,LS04,음식·향토먹거리
F0613,CA06,복합문화예술
F0614,CA06,복합문화예술
F0615,LS01,농산물·과일
F0616,LS01,농산물·과일
F0617,LS01,농산물·과일
F0618,LS05,주류·차·음료
F0619,LS01,농산물·과일
F0620,CA01,음악·공연
F0621,LS01,농산물·과일
F0622,HT02,전통문화·민속
F0623,CA06,복합문화예술
F0624,CA06,복합문화예술
F0625,CC01,주민화합·마을
F0626,CC01,주민화합·마을
F0627,CA06,복합문화예술
F0628,LS04,음식·향토먹거리
F0629,LS01,농산물·과일
F0630,LS02,수산물·해산물
F0631,CA06,복합문화예술
F0632,LS06,특산품·공예
F0633,HT02,전통문화·민속
F0634,NE01,꽃·식물
F0634,NE02,숲·산·걷기
F0635,HT02,전통문화·민속
F0636,NE01,꽃·식물
F0636,NE03,강·바다·수변
F0637,CA06,복합문화예술
F0638,LS01,농산물·과일
F0639,CA06,복합문화예술
F0640,LS06,특산품·공예
F0641,LS04,음식·향토먹거리
F0642,CA01,음악·공연
F0643,LS04,음식·향토먹거리
F0644,CA06,복합문화예술
F0645,LS01,농산물·과일
F0646,LS01,농산물·과일
F0647,NE01,꽃·식물
F0647,NE02,숲·산·걷기
F0648,HT05,전통의례·제례
F0649,NE01,꽃·식물
F0650,CA01,음악·공연
F0651,HT02,전통문화·민속
F0652,NE01,꽃·식물
F0653,CC02,먹거리·야시장
F0654,NE02,숲·산·걷기
F0655,HT02,전통문화·민속
F0656,LS02,수산물·해산물
F0657,CA06,복합문화예술
F0658,LS06,특산품·공예
F0659,CA06,복합문화예술
F0660,CC01,주민화합·마을
F0661,LS02,수산물·해산물
F0662,LS02,수산물·해산물
F0663,CA06,복합문화예술
F0664,HT03,문화유산
F0665,NE02,숲·산·걷기
F0666,NE02,숲·산·걷기
F0667,CC01,주민화합·마을
F0668,LS02,수산물·해산물
F0669,CA06,복합문화예술
F0670,CA06,복합문화예술
F0671,CA06,복합문화예술
F0672,CA06,복합문화예술
F0673,CA04,영화·영상·콘텐츠
F0674,HT02,전통문화·민속
F0675,HT02,전통문화·민속
F0676,HT02,전통문화·민속
F0677,NE01,꽃·식물
F0677,NE02,숲·산·걷기
F0678,CA06,복합문화예술
F0679,CA06,복합문화예술
F0680,CA06,복합문화예술
F0681,LS01,농산물·과일
F0682,LS01,농산물·과일
F0683,NE01,꽃·식물
F0684,LS06,특산품·공예
F0685,LS02,수산물·해산물
F0686,NE01,꽃·식물
F0686,NE02,숲·산·걷기
F0687,LS01,농산물·과일
F0688,LS01,농산물·과일
F0689,LS04,음식·향토먹거리
F0690,LS01,농산물·과일
F0691,CA06,복합문화예술
F0692,CC01,주민화합·마을
F0693,HT02,전통문화·민속
F0694,NE03,강·바다·수변
F0694,NE04,계절·자연경관
F0695,NE01,꽃·식물
F0696,HT03,문화유산
F0697,CA03,빛·미디어아트
F0698,CA01,음악·공연
F0699,HT02,전통문화·민속
F0699,HT01,역사인물·사건
F0700,NE01,꽃·식물
F0701,CA01,음악·공연
F0702,CA06,복합문화예술
F0703,HT02,전통문화·민속
F0704,LS02,수산물·해산물
F0705,LS02,수산물·해산물
F0706,LS06,특산품·공예
F0707,LS01,농산물·과일
F0708,NE01,꽃·식물
F0708,NE02,숲·산·걷기
F0709,NE01,꽃·식물
F0710,CC01,주민화합·마을
F0711,CA06,복합문화예술
F0712,HT02,전통문화·민속
F0713,LS01,농산물·과일
F0714,LS01,농산물·과일
F0715,NE01,꽃·식물
F0716,LS02,수산물·해산물
F0717,LS02,수산물·해산물
F0718,LS02,수산물·해산물
F0719,LS06,특산품·공예
F0720,HT02,전통문화·민속
F0721,CA06,복합문화예술
F0722,NE01,꽃·식물
F0723,LS02,수산물·해산물
F0724,LS06,특산품·공예
F0725,CC01,주민화합·마을
F0726,LS04,음식·향토먹거리
F0727,LS06,특산품·공예
F0728,NE05,생태·환경
F0728,NE03,강·바다·수변
F0729,CC01,주민화합·마을
F0730,NE04,계절·자연경관
F0730,NE02,숲·산·걷기
F0731,HT02,전통문화·민속
F0732,LS01,농산물·과일
F0733,LS01,농산물·과일
F0734,LS04,음식·향토먹거리
F0735,LS06,특산품·공예
F0736,LS06,특산품·공예
F0737,LS02,수산물·해산물
F0738,LS06,특산품·공예
F0739,CA06,복합문화예술
F0740,NE01,꽃·식물
F0740,NE04,계절·자연경관
F0741,NE01,꽃·식물
F0742,HT02,전통문화·민속
F0743,LS06,특산품·공예
F0744,LS01,농산물·과일
F0745,HT02,전통문화·민속
F0746,NE02,숲·산·걷기
F0747,HT03,문화유산
F0748,LS02,수산물·해산물
F0749,LS06,특산품·공예
F0750,NE01,꽃·식물
F0750,NE03,강·바다·수변
F0751,NE03,강·바다·수변
F0752,CA06,복합문화예술
F0753,CA06,복합문화예술
F0754,CA06,복합문화예술
F0755,CC02,먹거리·야시장
F0756,CA06,복합문화예술
F0757,NE01,꽃·식물
F0757,NE02,숲·산·걷기
F0758,CC01,주민화합·마을
F0759,LS05,주류·차·음료
F0760,CA01,음악·공연
F0761,NE01,꽃·식물
F0762,CA06,복합문화예술
F0763,CC01,주민화합·마을
F0764,CA06,복합문화예술
F0765,LS04,음식·향토먹거리
F0766,HT02,전통문화·민속
F0767,HT02,전통문화·민속
F0768,CA06,복합문화예술
F0769,LS01,농산물·과일
F0770,CA06,복합문화예술
F0771,LS05,주류·차·음료
F0772,HT03,문화유산
F0773,CA06,복합문화예술
F0774,CA06,복합문화예술
F0775,LS01,농산물·과일
F0776,CA06,복합문화예술
F0777,CA03,빛·미디어아트
F0777,CA02,미술·공예·디자인
F0778,CA06,복합문화예술
F0779,LS06,특산품·공예
F0780,CA06,복합문화예술
F0781,CC02,먹거리·야시장
F0782,NE01,꽃·식물
F0783,NE01,꽃·식물
F0784,CC01,주민화합·마을
F0785,CC01,주민화합·마을
F0786,CA06,복합문화예술
F0787,CA06,복합문화예술
F0788,CA06,복합문화예술
F0789,CA01,음악·공연
F0790,CC03,스포츠·레저
F0791,NE01,꽃·식물
F0791,NE02,숲·산·걷기
F0792,LS01,농산물·과일
F0793,CA05,문학·책
F0794,CA06,복합문화예술
F0795,CA01,음악·공연
F0796,CA03,빛·미디어아트
F0797,LS01,농산물·과일
F0798,NE05,생태·환경
F0799,NE05,생태·환경
F0800,CC01,주민화합·마을
F0801,NE02,숲·산·걷기
F0802,LS06,특산품·공예
F0803,CC01,주민화합·마을
F0804,LS01,농산물·과일
F0805,LS01,농산물·과일
F0806,NE03,강·바다·수변
F0807,LS06,특산품·공예
F0808,LS01,농산물·과일
F0809,LS01,농산물·과일
F0810,LS06,특산품·공예
F0811,LS04,음식·향토먹거리
F0811,LS02,수산물·해산물
F0812,NE05,생태·환경
F0813,HT02,전통문화·민속
F0814,CA04,영화·영상·콘텐츠
F0815,NE01,꽃·식물
F0816,LS01,농산물·과일
F0816,LS03,축산물
F0817,NE05,생태·환경
F0818,NE03,강·바다·수변
F0819,LS01,농산물·과일
F0820,NE01,꽃·식물
F0821,CA06,복합문화예술
F0822,CC01,주민화합·마을
F0823,CA06,복합문화예술
F0824,CA06,복합문화예술
F0825,LS03,축산물
F0826,CA02,미술·공예·디자인
F0827,CC01,주민화합·마을
F0828,NE01,꽃·식물
F0828,NE03,강·바다·수변
F0829,NE01,꽃·식물
F0829,NE02,숲·산·걷기
F0830,LS06,특산품·공예
F0831,HT02,전통문화·민속
F0832,LS04,음식·향토먹거리
F0833,CA06,복합문화예술
F0834,CA06,복합문화예술
F0835,NE05,생태·환경
F0836,NE05,생태·환경
F0837,NE03,강·바다·수변
F0838,LS01,농산물·과일
F0839,HT02,전통문화·민속
F0840,NE01,꽃·식물
F0841,CA06,복합문화예술
F0842,NE02,숲·산·걷기
F0843,NE03,강·바다·수변
F0844,NE01,꽃·식물
F0845,LS04,음식·향토먹거리
F0846,CA06,복합문화예술
F0847,LS06,특산품·공예
F0848,HT02,전통문화·민속
F0849,HT02,전통문화·민속
F0850,NE02,숲·산·걷기
F0850,NE01,꽃·식물
F0851,CC01,주민화합·마을
F0852,NE01,꽃·식물
F0852,NE02,숲·산·걷기
F0853,NE01,꽃·식물
F0853,NE04,계절·자연경관
F0854,CC01,주민화합·마을
F0855,CC01,주민화합·마을
F0856,LS06,특산품·공예
F0857,CA06,복합문화예술
F0858,CA06,복합문화예술
F0859,NE01,꽃·식물
F0860,NE01,꽃·식물
F0860,NE03,강·바다·수변
F0861,NE01,꽃·식물
F0861,NE02,숲·산·걷기
F0862,LS02,수산물·해산물
F0863,LS06,특산품·공예
F0864,CA06,복합문화예술
F0865,NE01,꽃·식물
F0865,NE02,숲·산·걷기
F0866,NE01,꽃·식물
F0867,HT02,전통문화·민속
F0868,CA01,음악·공연
F0869,CA01,음악·공연
F0870,NE04,계절·자연경관
F0870,NE02,숲·산·걷기
F0871,CA06,복합문화예술
F0872,LS02,수산물·해산물
F0873,CA03,빛·미디어아트
F0874,HT02,전통문화·민속
F0875,CA06,복합문화예술
F0876,HT02,전통문화·민속
F0877,NE01,꽃·식물
F0878,CC01,주민화합·마을
F0879,CC01,주민화합·마을
F0880,CA06,복합문화예술
F0881,CA06,복합문화예술
F0882,NE02,숲·산·걷기
F0882,NE04,계절·자연경관
F0883,CA06,복합문화예술
F0884,LS06,특산품·공예
F0885,NE01,꽃·식물
F0886,LS06,특산품·공예
F0887,NE01,꽃·식물
F0888,NE03,강·바다·수변
F0889,LS02,수산물·해산물
F0890,CA06,복합문화예술
F0891,LS06,특산품·공예
F0892,NE01,꽃·식물
F0893,CA01,음악·공연
F0894,LS02,수산물·해산물
F0894,LS01,농산물·과일
F0895,HT01,역사인물·사건
F0896,LS02,수산물·해산물
F0897,CA04,영화·영상·콘텐츠
F0898,CA04,영화·영상·콘텐츠
F0899,CA06,복합문화예술
F0900,CA06,복합문화예술
F0901,CA06,복합문화예술
F0902,CA02,미술·공예·디자인
F0903,HT03,문화유산
F0904,HT02,전통문화·민속
F0904,HT03,문화유산
F0905,NE01,꽃·식물
F0905,NE04,계절·자연경관
F0906,LS02,수산물·해산물
F0907,NE03,강·바다·수변
F0908,NE01,꽃·식물
F0908,NE03,강·바다·수변
F0909,NE01,꽃·식물
F0909,NE03,강·바다·수변
F0910,NE04,계절·자연경관
F0910,NE01,꽃·식물
F0911,NE01,꽃·식물
F0911,NE03,강·바다·수변
F0912,NE01,꽃·식물
F0912,NE03,강·바다·수변
F0913,NE03,강·바다·수변
F0914,CA06,복합문화예술
F0915,CA06,복합문화예술
F0916,NE03,강·바다·수변
F0917,LS02,수산물·해산물
F0918,LS06,특산품·공예
F0919,LS06,특산품·공예
F0920,LS02,수산물·해산물
F0921,LS02,수산물·해산물
F0922,NE01,꽃·식물
F0922,NE02,숲·산·걷기
F0923,HT02,전통문화·민속
F0924,NE03,강·바다·수변
F0925,NE03,강·바다·수변
F0925,NE04,계절·자연경관
F0926,CA06,복합문화예술
F0927,CC01,주민화합·마을
F0928,CC01,주민화합·마을
F0929,CC01,주민화합·마을
F0930,CC05,지역상권·마켓
F0931,NE05,생태·환경
F0932,HT02,전통문화·민속
F0933,NE02,숲·산·걷기
F0934,CA06,복합문화예술
F0935,NE01,꽃·식물
F0935,NE02,숲·산·걷기
F0936,HT02,전통문화·민속
F0937,LS06,특산품·공예
F0938,NE02,숲·산·걷기
F0939,NE04,계절·자연경관
F0939,NE03,강·바다·수변
F0940,NE02,숲·산·걷기
F0940,NE01,꽃·식물
F0941,NE04,계절·자연경관
F0941,NE01,꽃·식물
F0942,NE03,강·바다·수변
F0943,HT01,역사인물·사건
F0944,LS06,특산품·공예
F0945,LS06,특산품·공예
F0946,NE02,숲·산·걷기
F0947,NE01,꽃·식물
F0947,NE03,강·바다·수변
F0948,LS02,수산물·해산물
F0949,LS06,특산품·공예
F0950,NE01,꽃·식물
F0951,NE01,꽃·식물
F0952,NE01,꽃·식물
F0953,CA06,복합문화예술
F0954,NE01,꽃·식물
F0954,NE03,강·바다·수변
F0955,NE05,생태·환경
F0956,CA06,복합문화예술
F0957,NE01,꽃·식물
F0957,NE02,숲·산·걷기
F0958,NE01,꽃·식물
F0959,CA03,빛·미디어아트
F0960,NE05,생태·환경
F0961,NE02,숲·산·걷기
F0962,LS05,주류·차·음료
F0963,CA06,복합문화예술
F0964,HT03,문화유산
F0965,HT02,전통문화·민속
F0966,CA06,복합문화예술
F0967,LS06,특산품·공예
F0968,NE04,계절·자연경관
F0968,NE03,강·바다·수변
F0969,NE01,꽃·식물
F0969,NE04,계절·자연경관
F0970,HT02,전통문화·민속
F0971,NE01,꽃·식물
F0971,NE02,숲·산·걷기
F0972,NE01,꽃·식물
F0972,NE02,숲·산·걷기
F0973,CC01,주민화합·마을
F0974,CC01,주민화합·마을
F0975,CC01,주민화합·마을
F0976,NE01,꽃·식물
F0976,NE02,숲·산·걷기
F0977,CC01,주민화합·마을
F0978,CA06,복합문화예술
F0979,CA06,복합문화예술
F0980,CC03,스포츠·레저
F0981,CC01,주민화합·마을
F0982,CA03,빛·미디어아트
F0983,CA06,복합문화예술
F0984,CC01,주민화합·마을
F0985,CA06,복합문화예술
F0986,CC02,먹거리·야시장
F0987,CC02,먹거리·야시장
F0987,CC05,지역상권·마켓
F0988,NE01,꽃·식물
F0989,LS04,음식·향토먹거리
F0990,CC01,주민화합·마을
F0991,CA06,복합문화예술
F0992,CC01,주민화합·마을
F0993,CA01,음악·공연
F0994,LS06,특산품·공예
F0995,LS02,수산물·해산물
F0996,LS02,수산물·해산물
F0997,LS02,수산물·해산물
F0998,LS06,특산품·공예
F0999,CA05,문학·책
F1000,CA06,복합문화예술
F1001,CA06,복합문화예술
F1002,CC02,먹거리·야시장
F1003,NE05,생태·환경
F1004,CC01,주민화합·마을
F1005,CA06,복합문화예술
F1006,NE01,꽃·식물
F1007,CA06,복합문화예술
F1008,LS06,특산품·공예
F1009,LS01,농산물·과일
F1009,LS02,수산물·해산물
F1010,CA06,복합문화예술
F1011,NE01,꽃·식물
F1012,HT01,역사인물·사건
F1013,CC01,주민화합·마을
F1014,HT02,전통문화·민속
F1014,HT04,전통공연·무형유산
F1015,NE04,계절·자연경관
F1015,NE02,숲·산·걷기
F1016,HT03,문화유산
F1017,HT02,전통문화·민속
F1018,CA02,미술·공예·디자인
F1019,CA06,복합문화예술
F1020,LS06,특산품·공예
F1021,CA06,복합문화예술
F1022,CC01,주민화합·마을
F1023,CA06,복합문화예술
F1024,CA06,복합문화예술
F1025,CC02,먹거리·야시장
F1025,CC05,지역상권·마켓
F1026,CA06,복합문화예술
F1027,CA06,복합문화예술
F1028,CA06,복합문화예술
F1029,CA06,복합문화예술
F1030,CA06,복합문화예술
F1031,CA06,복합문화예술
F1032,NE01,꽃·식물
F1032,NE02,숲·산·걷기
F1033,CC01,주민화합·마을
F1034,HT02,전통문화·민속
F1035,LS01,농산물·과일
F1036,LS06,특산품·공예
F1037,LS06,특산품·공예
F1038,LS03,축산물
F1039,LS05,주류·차·음료
F1040,LS06,특산품·공예
F1041,CC01,주민화합·마을
F1042,CA06,복합문화예술
F1043,CA04,영화·영상·콘텐츠
F1044,LS01,농산물·과일
F1045,CC01,주민화합·마을
F1046,CC01,주민화합·마을
F1047,CC03,스포츠·레저
F1048,CC01,주민화합·마을
F1049,CA04,영화·영상·콘텐츠
F1050,CA06,복합문화예술
F1051,LS01,농산물·과일
F1052,LS03,축산물
F1053,LS01,농산물·과일
F1054,CA06,복합문화예술
F1055,LS04,음식·향토먹거리
F1056,HT02,전통문화·민속
F1057,HT02,전통문화·민속
F1058,CA06,복합문화예술
F1059,LS01,농산물·과일
F1060,NE01,꽃·식물
F1060,NE02,숲·산·걷기
F1061,NE01,꽃·식물
F1061,NE03,강·바다·수변
F1062,LS01,농산물·과일
F1063,LS01,농산물·과일
F1064,CA06,복합문화예술
F1065,CC01,주민화합·마을
F1066,LS01,농산물·과일
F1066,LS06,특산품·공예
F1067,CC01,주민화합·마을
F1068,NE05,생태·환경
F1069,LS01,농산물·과일
F1070,LS02,수산물·해산물
F1071,LS06,특산품·공예
F1072,LS02,수산물·해산물
F1073,CA06,복합문화예술
F1074,CA06,복합문화예술
F1075,CA02,미술·공예·디자인
F1076,HT02,전통문화·민속
F1077,LS01,농산물·과일
F1078,NE02,숲·산·걷기
F1079,LS06,특산품·공예
F1080,CA06,복합문화예술
F1081,CA01,음악·공연
F1082,CA06,복합문화예술
F1083,HT02,전통문화·민속
F1084,HT01,역사인물·사건
F1085,CA06,복합문화예술
F1086,CA06,복합문화예술
F1087,NE01,꽃·식물
F1087,NE04,계절·자연경관
F1088,CC02,먹거리·야시장
F1089,LS04,음식·향토먹거리
F1090,CC01,주민화합·마을
F1091,CA06,복합문화예술
F1092,CA06,복합문화예술
F1093,LS06,특산품·공예
F1094,CC04,가족·어린이
F1095,NE04,계절·자연경관
F1095,NE05,생태·환경
F1096,NE05,생태·환경
F1097,LS06,특산품·공예
F1098,CA06,복합문화예술
F1099,LS02,수산물·해산물
F1100,LS02,수산물·해산물
F1101,NE05,생태·환경
F1102,LS02,수산물·해산물
F1103,CA06,복합문화예술
F1104,CC01,주민화합·마을
F1105,NE01,꽃·식물
F1105,NE02,숲·산·걷기
F1106,CA06,복합문화예술
F1107,NE05,생태·환경
F1108,NE01,꽃·식물
F1108,NE02,숲·산·걷기
F1109,CC01,주민화합·마을
F1110,HT02,전통문화·민속
F1111,HT02,전통문화·민속
F1112,CA06,복합문화예술
F1113,CA06,복합문화예술
F1114,CA06,복합문화예술
F1115,LS06,특산품·공예
F1116,CA06,복합문화예술
F1117,HT02,전통문화·민속
F1118,CA06,복합문화예술
F1119,CA06,복합문화예술
F1120,CA06,복합문화예술
F1121,CA06,복합문화예술
F1122,CC01,주민화합·마을
F1123,LS02,수산물·해산물
F1124,LS02,수산물·해산물
F1125,LS01,농산물·과일
F1125,LS02,수산물·해산물
F1126,HT02,전통문화·민속
F1127,HT03,문화유산
F1128,CA06,복합문화예술
F1129,LS03,축산물
F1129,LS02,수산물·해산물
F1130,LS02,수산물·해산물
F1131,CA02,미술·공예·디자인
F1132,CA06,복합문화예술
F1133,LS01,농산물·과일
F1134,CA06,복합문화예술
F1135,CA01,음악·공연
F1136,CC01,주민화합·마을
F1137,HT03,문화유산
F1138,CA06,복합문화예술
F1139,LS01,농산물·과일
F1140,LS01,농산물·과일
F1141,CC01,주민화합·마을
F1142,LS01,농산물·과일
F1143,NE01,꽃·식물
F1144,LS01,농산물·과일
F1144,LS03,축산물
F1145,CA06,복합문화예술
F1146,CA06,복합문화예술
F1147,CA06,복합문화예술
F1148,HT02,전통문화·민속
F1149,LS06,특산품·공예
F1150,LS06,특산품·공예
F1151,CA06,복합문화예술
F1152,CC01,주민화합·마을
F1153,HT02,전통문화·민속
F1154,HT02,전통문화·민속
F1155,LS06,특산품·공예
F1156,NE01,꽃·식물
F1156,NE02,숲·산·걷기
F1157,CA05,문학·책
F1158,LS01,농산물·과일
F1159,HT01,역사인물·사건
F1160,LS01,농산물·과일
F1161,CA06,복합문화예술
F1162,CA06,복합문화예술
F1163,NE01,꽃·식물
F1163,NE03,강·바다·수변
F1164,LS01,농산물·과일
F1165,LS01,농산물·과일
F1166,NE05,생태·환경
F1167,NE01,꽃·식물
F1167,NE03,강·바다·수변
F1168,HT02,전통문화·민속
F1169,NE01,꽃·식물
F1169,NE03,강·바다·수변
F1170,NE03,강·바다·수변
F1171,HT02,전통문화·민속
F1172,CA06,복합문화예술
F1173,LS02,수산물·해산물
F1174,NE04,계절·자연경관
F1174,NE01,꽃·식물
F1175,HT02,전통문화·민속
F1176,NE05,생태·환경
F1177,CA06,복합문화예술
F1178,HT02,전통문화·민속
F1179,NE01,꽃·식물
F1180,LS06,특산품·공예
F1181,LS02,수산물·해산물
F1182,LS01,농산물·과일
F1182,LS03,축산물
F1183,HT02,전통문화·민속
F1184,LS06,특산품·공예
F1185,LS05,주류·차·음료
F1186,LS04,음식·향토먹거리
F1187,LS06,특산품·공예
F1188,NE01,꽃·식물
F1188,NE03,강·바다·수변
F1189,NE01,꽃·식물
F1189,NE03,강·바다·수변
F1190,NE01,꽃·식물
F1190,NE02,숲·산·걷기
F1191,CA03,빛·미디어아트
F1192,NE01,꽃·식물
F1193,LS06,특산품·공예
F1194,LS01,농산물·과일
F1195,LS06,특산품·공예
F1196,LS03,축산물
F1196,LS01,농산물·과일
F1197,LS01,농산물·과일
F1198,CA06,복합문화예술
F1199,CA06,복합문화예술
F1200,LS06,특산품·공예
F1201,CC01,주민화합·마을
F1202,NE01,꽃·식물
F1203,CA01,음악·공연
F1204,CA06,복합문화예술
F1205,NE01,꽃·식물
F1205,NE02,숲·산·걷기
F1206,CA06,복합문화예술
F1207,CA01,음악·공연
F1208,CA06,복합문화예술
F1209,NE01,꽃·식물
F1209,NE02,숲·산·걷기
F1210,NE01,꽃·식물
F1210,NE04,계절·자연경관
F1211,LS03,축산물
F1212,HT02,전통문화·민속
F1213,CC01,주민화합·마을
F1214,NE05,생태·환경
F1215,HT02,전통문화·민속
F1216,CA06,복합문화예술
F1217,CA06,복합문화예술
F1218,HT02,전통문화·민속
F1219,CA06,복합문화예술
F1220,CC01,주민화합·마을
F1221,CA06,복합문화예술
F1222,CA06,복합문화예술
F1223,CC01,주민화합·마을
F1224,CA06,복합문화예술
F1225,LS02,수산물·해산물
F1226,LS06,특산품·공예
F1227,LS02,수산물·해산물
F1228,LS02,수산물·해산물
F1229,NE01,꽃·식물
F1230,CA06,복합문화예술
F1231,CA02,미술·공예·디자인
F1232,HT02,전통문화·민속
F1233,CC01,주민화합·마을
F1234,HT02,전통문화·민속
F1235,NE02,숲·산·걷기
F1236,NE02,숲·산·걷기
F1237,HT02,전통문화·민속
F1238,HT02,전통문화·민속
F1239,HT03,문화유산
F1239,HT04,전통공연·무형유산
F1240,CC01,주민화합·마을
F1241,CC01,주민화합·마을
F1242,HT02,전통문화·민속
F1243,LS06,특산품·공예
F1244,LS06,특산품·공예
F1245,LS06,특산품·공예
F1246,CC03,스포츠·레저
F1247,NE01,꽃·식물
F1248,CA06,복합문화예술
F1249,NE01,꽃·식물
F1250,NE05,생태·환경
F1251,NE01,꽃·식물
F1251,NE04,계절·자연경관
F1252,LS06,특산품·공예
F1253,LS06,특산품·공예
F1254,CA06,복합문화예술
F1255,CC01,주민화합·마을
F1256,CA06,복합문화예술
F1257,CA01,음악·공연
F1258,NE02,숲·산·걷기
F1259,LS04,음식·향토먹거리
F1259,LS01,농산물·과일
F1260,LS04,음식·향토먹거리
F1260,LS01,농산물·과일
F1261,NE01,꽃·식물
F1261,NE02,숲·산·걷기
F1262,CA06,복합문화예술
F1263,HT04,전통공연·무형유산
F1264,CA01,음악·공연
F1265,CA06,복합문화예술
F1266,NE01,꽃·식물
F1266,NE03,강·바다·수변
