sido_name,sigungu_name,area_cd,sigungu_cd
서울특별시,종로구,11,11110
서울특별시,중구,11,11140
서울특별시,용산구,11,11170
서울특별시,성동구,11,11200
서울특별시,광진구,11,11215
서울특별시,동대문구,11,11230
서울특별시,중랑구,11,11260
서울특별시,성북구,11,11290
서울특별시,강북구,11,11305
서울특별시,도봉구,11,11320
서울특별시,노원구,11,11350
서울특별시,은평구,11,11380
서울특별시,서대문구,11,11410
서울특별시,마포구,11,11440
서울특별시,양천구,11,11470
서울특별시,강서구,11,11500
서울특별시,구로구,11,11530
서울특별시,금천구,11,11545
서울특별시,영등포구,11,11560
서울특별시,동작구,11,11590
서울특별시,관악구,11,11620
서울특별시,서초구,11,11650
서울특별시,강남구,11,11680
서울특별시,송파구,11,11710
서울특별시,강동구,11,11740
전남광주통합특별시,목포시,12,12110
전남광주통합특별시,여수시,12,12130
전남광주통합특별시,순천시,12,12150
전남광주통합특별시,나주시,12,12170
전남광주통합특별시,광양시,12,12190
전남광주통합특별시,동구,12,12210
전남광주통합특별시,서구,12,12240
전남광주통합특별시,남구,12,12270
전남광주통합특별시,북구,12,12300
전남광주통합특별시,광산구,12,12330
전남광주통합특별시,담양군,12,12710
전남광주통합특별시,곡성군,12,12720
전남광주통합특별시,구례군,12,12730
전남광주통합특별시,고흥군,12,12740
전남광주통합특별시,보성군,12,12750
전남광주통합특별시,화순군,12,12760
전남광주통합특별시,장흥군,12,12770
전남광주통합특별시,강진군,12,12780
전남광주통합특별시,해남군,12,12790
전남광주통합특별시,영암군,12,12800
전남광주통합특별시,무안군,12,12810
전남광주통합특별시,함평군,12,12820
전남광주통합특별시,영광군,12,12830
전남광주통합특별시,장성군,12,12840
전남광주통합특별시,완도군,12,12850
전남광주통합특별시,진도군,12,12860
전남광주통합특별시,신안군,12,12870
부산광역시,중구,26,26110
부산광역시,서구,26,26140
부산광역시,동구,26,26170
부산광역시,영도구,26,26200
부산광역시,부산진구,26,26230
부산광역시,동래구,26,26260
부산광역시,남구,26,26290
부산광역시,북구,26,26320
부산광역시,해운대구,26,26350
부산광역시,사하구,26,26380
부산광역시,금정구,26,26410
부산광역시,강서구,26,26440
부산광역시,연제구,26,26470
부산광역시,수영구,26,26500
부산광역시,사상구,26,26530
부산광역시,기장군,26,26710
대구광역시,중구,27,27110
대구광역시,동구,27,27140
대구광역시,서구,27,27170
대구광역시,남구,27,27200
대구광역시,북구,27,27230
대구광역시,수성구,27,27260
대구광역시,달서구,27,27290
대구광역시,달성군,27,27710
대구광역시,군위군,27,27720
인천광역시,제물포구,28,28125
인천광역시,영종구,28,28155
인천광역시,미추홀구,28,28177
인천광역시,연수구,28,28185
인천광역시,남동구,28,28200
인천광역시,부평구,28,28237
인천광역시,계양구,28,28245
인천광역시,서해구,28,28275
인천광역시,검단구,28,28290
인천광역시,강화군,28,28710
인천광역시,옹진군,28,28720
대전광역시,동구,30,30110
대전광역시,중구,30,30140
대전광역시,서구,30,30170
대전광역시,유성구,30,30200
대전광역시,대덕구,30,30230
울산광역시,중구,31,31110
울산광역시,남구,31,31140
울산광역시,동구,31,31170
울산광역시,북구,31,31200
울산광역시,울주군,31,31710
세종특별자치시,세종시,36,36110
경기도,수원시,41,41110
경기도,수원시장안구,41,41111
경기도,수원시권선구,41,41113
경기도,수원시팔달구,41,41115
경기도,수원시영통구,41,41117
경기도,성남시,41,41130
경기도,성남시수정구,41,41131
경기도,성남시중원구,41,41133
경기도,성남시분당구,41,41135
경기도,의정부시,41,41150
경기도,안양시,41,41170
경기도,안양시만안구,41,41171
경기도,안양시동안구,41,41173
경기도,부천시,41,41190
경기도,부천시원미구,41,41192
경기도,부천시소사구,41,41194
경기도,부천시오정구,41,41196
경기도,광명시,41,41210
경기도,평택시,41,41220
경기도,동두천시,41,41250
경기도,안산시,41,41270
경기도,안산시상록구,41,41271
경기도,안산시단원구,41,41273
경기도,고양시,41,41280
경기도,고양시덕양구,41,41281
경기도,고양시일산동구,41,41285
경기도,고양시일산서구,41,41287
경기도,과천시,41,41290
경기도,구리시,41,41310
경기도,남양주시,41,41360
경기도,오산시,41,41370
경기도,시흥시,41,41390
경기도,군포시,41,41410
경기도,의왕시,41,41430
경기도,하남시,41,41450
경기도,용인시,41,41460
경기도,용인시처인구,41,41461
경기도,용인시기흥구,41,41463
경기도,용인시수지구,41,41465
경기도,파주시,41,41480
경기도,이천시,41,41500
경기도,안성시,41,41550
경기도,김포시,41,41570
경기도,화성시,41,41590
경기도,화성시만세구,41,41591
경기도,화성시효행구,41,41593
경기도,화성시병점구,41,41595
경기도,화성시동탄구,41,41597
경기도,광주시,41,41610
경기도,양주시,41,41630
경기도,포천시,41,41650
경기도,여주시,41,41670
경기도,연천군,41,41800
경기도,가평군,41,41820
경기도,양평군,41,41830
충청북도,청주시,43,43110
충청북도,청주시상당구,43,43111
충청북도,청주시서원구,43,43112
충청북도,청주시흥덕구,43,43113
충청북도,청주시청원구,43,43114
충청북도,충주시,43,43130
충청북도,제천시,43,43150
충청북도,보은군,43,43720
충청북도,옥천군,43,43730
충청북도,영동군,43,43740
충청북도,증평군,43,43745
충청북도,진천군,43,43750
충청북도,괴산군,43,43760
충청북도,음성군,43,43770
충청북도,단양군,43,43800
충청남도,천안시,44,44130
충청남도,천안시동남구,44,44131
충청남도,천안시서북구,44,44133
충청남도,공주시,44,44150
충청남도,보령시,44,44180
충청남도,아산시,44,44200
충청남도,서산시,44,44210
충청남도,논산시,44,44230
충청남도,계룡시,44,44250
충청남도,당진시,44,44270
충청남도,금산군,44,44710
충청남도,부여군,44,44760
충청남도,서천군,44,44770
충청남도,청양군,44,44790
충청남도,홍성군,44,44800
충청남도,예산군,44,44810
충청남도,태안군,44,44825
경상북도,포항시,47,47110
경상북도,포항시남구,47,47111
경상북도,포항시북구,47,47113
경상북도,경주시,47,47130
경상북도,김천시,47,47150
경상북도,안동시,47,47170
경상북도,구미시,47,47190
경상북도,영주시,47,47210
경상북도,영천시,47,47230
경상북도,상주시,47,47250
경상북도,문경시,47,47280
경상북도,경산시,47,47290
경상북도,의성군,47,47730
경상북도,청송군,47,47750
경상북도,영양군,47,47760
경상북도,영덕군,47,47770
경상북도,청도군,47,47820
경상북도,고령군,47,47830
경상북도,성주군,47,47840
경상북도,칠곡군,47,47850
경상북도,예천군,47,47900
경상북도,봉화군,47,47920
경상북도,울진군,47,47930
경상북도,울릉군,47,47940
경상남도,창원시,48,48120
경상남도,창원시의창구,48,48121
경상남도,창원시성산구,48,48123
경상남도,창원시마산합포구,48,48125
경상남도,창원시마산회원구,48,48127
경상남도,창원시진해구,48,48129
경상남도,진주시,48,48170
경상남도,통영시,48,48220
경상남도,사천시,48,48240
경상남도,김해시,48,48250
경상남도,밀양시,48,48270
경상남도,거제시,48,48310
경상남도,양산시,48,48330
경상남도,의령군,48,48720
경상남도,함안군,48,48730
경상남도,창녕군,48,48740
경상남도,고성군,48,48820
경상남도,남해군,48,48840
경상남도,하동군,48,48850
경상남도,산청군,48,48860
경상남도,함양군,48,48870
경상남도,거창군,48,48880
경상남도,합천군,48,48890
제주특별자치도,제주시,50,50110
제주특별자치도,서귀포시,50,50130
강원특별자치도,춘천시,51,51110
강원특별자치도,원주시,51,51130
강원특별자치도,강릉시,51,51150
강원특별자치도,동해시,51,51170
강원특별자치도,태백시,51,51190
강원특별자치도,속초시,51,51210
강원특별자치도,삼척시,51,51230
강원특별자치도,홍천군,51,51720
강원특별자치도,횡성군,51,51730
강원특별자치도,영월군,51,51750
강원특별자치도,평창군,51,51760
강원특별자치도,정선군,51,51770
강원특별자치도,철원군,51,51780
강원특별자치도,화천군,51,51790
강원특별자치도,양구군,51,51800
강원특별자치도,인제군,51,51810
강원특별자치도,고성군,51,51820
강원특별자치도,양양군,51,51830
전북특별자치도,전주시,52,52110
전북특별자치도,전주시완산구,52,52111
전북특별자치도,전주시덕진구,52,52113
전북특별자치도,군산시,52,52130
전북특별자치도,익산시,52,52140
전북특별자치도,정읍시,52,52180
전북특별자치도,남원시,52,52190
전북특별자치도,김제시,52,52210
전북특별자치도,완주군,52,52710
전북특별자치도,진안군,52,52720
전북특별자치도,무주군,52,52730
전북특별자치도,장수군,52,52740
전북특별자치도,임실군,52,52750
전북특별자치도,순창군,52,52770
전북특별자치도,고창군,52,52790
전북특별자치도,부안군,52,52800
