station_id,station_name,latitude,longitude,line_name
1,신사,37.5161252633129,127.019760916726,신분당선
2,논현,37.5111153846379,127.021365807131,신분당선
3,신논현,37.504555429592,127.024530640799,신분당선
4,강남,37.4973854397871,127.02787893753,신분당선
5,양재(서초구청),37.4844535239588,127.034099452522,신분당선
6,양재시민의숲(매헌),37.4709638768813,127.038420263319,신분당선
7,청계산입구,37.4487148450701,127.054339616958,신분당선
8,판교,37.3957147534829,127.111210738619,신분당선
9,정자,37.3682101915529,127.108385905864,신분당선
10,미금,37.3511833209472,127.108902778591,신분당선
11,동천,37.3386841329961,127.102793673668,신분당선
12,수지구청,37.3230089609191,127.095581285703,신분당선
13,성복,37.3140425091456,127.080757826931,신분당선
14,상현,37.2986852587224,127.06957991138,신분당선
15,광교중앙(아주대),37.2877375194967,127.052625032841,신분당선
16,광교(경기대),37.3017347422146,127.044856131638,신분당선
17,기흥(백남준아트센터),37.27545288,127.1170465,에버라인
18,강남대,37.27017073,127.1260669,에버라인
19,지석,37.26973732,127.1363256,에버라인
20,어정,37.27495132,127.1437499,에버라인
21,동백(용인세브란스),37.26910138,127.1526906,에버라인
22,초당,37.26080647,127.1594692,에버라인
23,삼가,37.24205993,127.16818,에버라인
24,시청·용인대,37.23944203,127.1788851,에버라인
25,명지대,37.23807629,127.1902913,에버라인
26,김량장,37.23732377,127.1986109,에버라인
27,용인중앙시장(용인예술과학대),37.2379113,127.2090526,에버라인
28,고진,37.24463834,127.2141836,에버라인
29,보평,37.25896427,127.2184808,에버라인
30,둔전,37.26721222,127.2136387,에버라인
31,전대·에버랜드,37.28541327,127.219509,에버라인
32,서울,37.55301784,126.9697643,인천국제공항선
33,공덕,37.5427105,126.9516296,인천국제공항선
34,홍대입구,37.55774103,126.9264939,인천국제공항선
35,디지털미디어시티,37.577355,126.898025,인천국제공항선
36,마곡나루,37.56581914,126.8276358,인천국제공항선
37,김포공항,37.56211652,126.8015442,인천국제공항선
38,계양,37.571769,126.736319,인천국제공항선
39,검암,37.56915547,126.6735357,인천국제공항선
40,청라국제도시,37.556509,126.624725,인천국제공항선
41,영종,37.51209814,126.5242471,인천국제공항선
42,운서,37.49284463,126.4936619,인천국제공항선
43,공항화물청사,37.45902611,126.4774333,인천국제공항선
44,인천공항1터미널,37.44760672,126.4523433,인천국제공항선
45,인천공항2터미널,37.46866,126.433415,인천국제공항선
46,녹동,35.107028,126.933932,광주도시철도 1호선
47,소태,35.124108,126.932013,광주도시철도 1호선
48,학동증심사입구,35.133023,126.928382,광주도시철도 1호선
49,남광주,35.1389849,126.92318,광주도시철도 1호선
50,문화전당(구도청),35.14661,126.92005,광주도시철도 1호선
51,금남로4가,35.150976,126.914446,광주도시철도 1호선
52,금남로5가,35.153658,126.910033,광주도시철도 1호선
53,양동시장,35.154176,126.901089,광주도시철도 1호선
54,돌고개,35.152047,126.895637,광주도시철도 1호선
55,농성,35.153363,126.883973,광주도시철도 1호선
56,화정,35.152085,126.876698,광주도시철도 1호선
57,쌍촌,35.151793,126.869519,광주도시철도 1호선
58,운천,35.150486,126.858694,광주도시철도 1호선
59,상무,35.146784,126.848641,광주도시철도 1호선
60,김대중컨벤션센터(마륵),35.143214,126.841442,광주도시철도 1호선
61,공항,35.144179,126.81153,광주도시철도 1호선
62,송정공원,35.143565,126.799245,광주도시철도 1호선
63,광주송정역,35.137529,126.791488,광주도시철도 1호선
64,도산,35.131713,126.787942,광주도시철도 1호선
65,평동,35.1247,126.769586,광주도시철도 1호선
66,동구릉,37.610556,127.135056,8호선
67,구리(구리전통시장),37.60256,127.14073,8호선
68,장자호수공원,37.587222,127.13793,8호선
69,양촌역,37.641639,126.614694,김포도시철도
70,구래역,37.645354,126.6285,김포도시철도
71,마산역,37.640606,126.643944,김포도시철도
72,장기역,37.644028,126.669,김포도시철도
73,운양역,37.653861,126.683833,김포도시철도
74,걸포북변역,37.631639,126.70575,김포도시철도
75,사우역,37.620361,126.719722,김포도시철도
76,풍무역,37.612333,126.732583,김포도시철도
77,고촌역,37.60125,126.770361,김포도시철도
78,김포공항역,37.562309,126.801833,김포도시철도
79,샛강,37.517219937,126.929403964,수도권 경량도시철도 신림선
80,대방,37.512840166,126.925316781,수도권 경량도시철도 신림선
81,서울지방병무청,37.50604687,126.922783404,수도권 경량도시철도 신림선
82,보라매,37.500312709,126.920485864,수도권 경량도시철도 신림선
83,보라매공원,37.495225405,126.918258811,수도권 경량도시철도 신림선
84,보라매병원,37.4929607,126.923886,수도권 경량도시철도 신림선
85,당곡,37.490039105,126.927568759,수도권 경량도시철도 신림선
86,신림,37.484890755,126.92960992,수도권 경량도시철도 신림선
87,서원,37.47827336,126.933228219,수도권 경량도시철도 신림선
88,서울대벤처타운,37.47204068,126.933976556,수도권 경량도시철도 신림선
89,관악산,37.46916896,126.944954837,수도권 경량도시철도 신림선
90,진접역,37.720472,127.203167,진접선
91,오남역,37.7054056,127.191644,진접선
92,별내별가람역,37.667833,127.116167,진접선
93,별내역,37.642517,127.1273,수도권 광역철도 8호선
94,다산역,37.62437,127.1498,수도권 광역철도 8호선
95,설화명곡,35.7986179,128.4893927,대구 도시철도 1호선
96,화원,35.804349,128.500409,대구 도시철도 1호선
97,대곡(정부대구청사),35.809571,128.51257,대구 도시철도 1호선
98,진천,35.813815,128.522374,대구 도시철도 1호선
99,월배,35.816123,128.530119,대구 도시철도 1호선
100,상인,35.8188583,128.5375588,대구 도시철도 1호선
101,월촌,35.823695,128.545465,대구 도시철도 1호선
102,송현,35.831092,128.551755,대구 도시철도 1호선
103,서부정류장(관문시장),35.8373375,128.5570702,대구 도시철도 1호선
104,대명,35.8392924,128.5652846,대구 도시철도 1호선
105,안지랑,35.8392,128.574,대구 도시철도 1호선
106,현충로,35.84072,128.58085,대구 도시철도 1호선
107,영대병원,35.8442516,128.5882407,대구 도시철도 1호선
108,교대,35.8510953,128.590643,대구 도시철도 1호선
109,명덕(2.28민주운동기념회관),35.857382,128.59088,대구 도시철도 1호선
110,반월당,35.86389,128.593312,대구 도시철도 1호선
111,중앙로,35.870873,128.593888,대구 도시철도 1호선
112,대구역,35.876379,128.596919,대구 도시철도 1호선
113,칠성시장,35.876159,128.604885,대구 도시철도 1호선
114,신천(경북대입구),35.874527,128.617244,대구 도시철도 1호선
115,동대구역,35.877626,128.627152,대구 도시철도 1호선
116,동구청(큰고개),35.884485,128.632295,대구 도시철도 1호선
117,아양교(대구국제공항입구),35.887208,128.639572,대구 도시철도 1호선
118,동촌(동촌유원지),35.886039,128.650455,대구 도시철도 1호선
119,해안,35.883765,128.659079,대구 도시철도 1호선
120,방촌,35.879929,128.669767,대구 도시철도 1호선
121,용계,35.876256,128.681414,대구 도시철도 1호선
122,율하,35.869751,128.692775,대구 도시철도 1호선
123,신기,35.866761,128.701724,대구 도시철도 1호선
124,반야월,35.865948,128.713663,대구 도시철도 1호선
125,각산,35.867852,128.723843,대구 도시철도 1호선
126,안심(혁신도시·첨복단지),35.8712,128.7338,대구 도시철도 1호선
127,대구한의대병원,35.8717089,128.7508237,대구 도시철도 1호선
128,부호(경일대·호산대),35.9002809,128.8031144,대구 도시철도 1호선
129,하양(대구가톨릭대),35.9094258,128.8175403,대구 도시철도 1호선
130,문양,35.86414313,128.4370043,대구 도시철도 2호선
131,다사,35.86495301,128.4582876,대구 도시철도 2호선
132,대실,35.8573333,128.4656264,대구 도시철도 2호선
133,강창,35.8531116,128.4789997,대구 도시철도 2호선
134,계명대,35.85146491,128.491969,대구 도시철도 2호선
135,성서산업단지,35.8518236,128.5071662,대구 도시철도 2호선
136,이곡,35.85062003,128.5157686,대구 도시철도 2호선
137,용산(서부법원․검찰청입구),35.84912,128.5287686,대구 도시철도 2호선
138,죽전,35.8503505,128.537089,대구 도시철도 2호선
139,감삼,35.8543251,128.547905,대구 도시철도 2호선
140,두류,35.8572405,128.555509,대구 도시철도 2호선
141,내당,35.860194,128.564593,대구 도시철도 2호선
142,반고개,35.8623,128.572817,대구 도시철도 2호선
143,청라언덕,35.865,128.58232271,대구 도시철도 2호선
144,반월당,35.865592,128.593334,대구 도시철도 2호선
145,경대병원,35.863102,128.60316,대구 도시철도 2호선
146,대구은행(대구교육청),35.859868,128.613975,대구 도시철도 2호선
147,범어,35.8591,128.6257,대구 도시철도 2호선
148,수성구청(KBS),35.85874022,128.6359517,대구 도시철도 2호선
149,만촌,35.858841,128.644951,대구 도시철도 2호선
150,담티(수성대·대륜),35.854841,128.654151,대구 도시철도 2호선
151,연호,35.8465,128.67185,대구 도시철도 2호선
152,수성알파시티(삼성라이온즈파크),35.842718,128.67999,대구 도시철도 2호선
153,고산,35.842955,128.69335,대구 도시철도 2호선
154,신매,35.8408,128.705,대구 도시철도 2호선
155,사월,35.837066,128.715173,대구 도시철도 2호선
156,정평,35.83407,128.728695,대구 도시철도 2호선
157,임당,35.834131,128.741076,대구 도시철도 2호선
158,영남대,35.836373,128.752966,대구 도시철도 2호선
159,칠곡경대병원,35.95838748,128.5598908,대구 도시철도 3호선
160,학정,35.95155512,128.5591934,대구 도시철도 3호선
161,팔거(국립농관원통계청),35.94404716,128.5583366,대구 도시철도 3호선
162,동천,35.93770658,128.556683,대구 도시철도 3호선
163,칠곡운암,35.93145534,128.5545305,대구 도시철도 3호선
164,구암(과학대보건대입구),35.92574223,128.5503415,대구 도시철도 3호선
165,태전,35.9196172,128.547388,대구 도시철도 3호선
166,매천,35.91265,128.5434,대구 도시철도 3호선
167,매천시장,35.90443,128.545755,대구 도시철도 3호선
168,팔달,35.89777,128.5468,대구 도시철도 3호선
169,공단,35.892,128.5536,대구 도시철도 3호선
170,만평,35.889893,128.561002,대구 도시철도 3호선
171,팔달시장,35.88883085,128.5678716,대구 도시철도 3호선
172,원대,35.887886,128.574392,대구 도시철도 3호선
173,"북구청
(대구iM뱅크파크)",35.88381395,128.5814483,대구 도시철도 3호선
174,달성공원,35.87573001,128.5821218,대구 도시철도 3호선
175,서문시장(동산병원),35.86966429,128.582241,대구 도시철도 3호선
176,청라언덕(신남),35.86419437,128.5823758,대구 도시철도 3호선
177,남산(계명네거리),35.85668979,128.5834576,대구 도시철도 3호선
178,명덕(2·28민주운동기념회관),35.85694518,128.5900469,대구 도시철도 3호선
179,건들바위,35.85538252,128.5996903,대구 도시철도 3호선
180,대봉교,35.85499783,128.6063685,대구 도시철도 3호선
181,수성시장,35.85431676,128.6160292,대구 도시철도 3호선
182,수성구민운동장,35.85240979,128.6251246,대구 도시철도 3호선
183,어린이세상,35.84516989,128.6244677,대구 도시철도 3호선
184,황금,35.83907838,128.6239185,대구 도시철도 3호선
185,수성못(TBC),35.83135605,128.6232167,대구 도시철도 3호선
186,지산,35.82515322,128.6319513,대구 도시철도 3호선
187,범물,35.82083917,128.6401127,대구 도시철도 3호선
188,용지,35.8182678,128.6465345,대구 도시철도 3호선
189,판암,36.316896,127.458264,대전 도시철도 1호선
190,신흥,36.319652,127.448792,대전 도시철도 1호선
191,대동,36.329532,127.442848,대전 도시철도 1호선
192,대전,36.331583,127.433118,대전 도시철도 1호선
193,중앙로,36.328664,127.425842,대전 도시철도 1호선
194,중구청,36.324831,127.419627,대전 도시철도 1호선
195,서대전네거리,36.322416,127.412518,대전 도시철도 1호선
196,오룡,36.328582,127.405046,대전 도시철도 1호선
197,용문,36.338252,127.393317,대전 도시철도 1호선
198,탄방,36.34544,127.384603,대전 도시철도 1호선
199,시청,36.351673,127.386739,대전 도시철도 1호선
200,정부청사,36.357661,127.381047,대전 도시철도 1호선
201,갈마,36.357522,127.372632,대전 도시철도 1호선
202,월평,36.358272,127.364382,대전 도시철도 1호선
203,갑천,36.354578,127.354467,대전 도시철도 1호선
204,유성온천,36.353689,127.341524,대전 도시철도 1호선
205,구암,36.356605,127.33083,대전 도시철도 1호선
206,현충원,36.359021,127.321525,대전 도시철도 1호선
207,월드컵경기장,36.366825,127.317859,대전 도시철도 1호선
208,노은,36.37415,127.317835,대전 도시철도 1호선
209,지족,36.384106,127.319501,대전 도시철도 1호선
210,반석,36.392128,127.314581,대전 도시철도 1호선
211,다대포해수욕장,35.048229,128.965919,부산 도시철도 1호선
212,다대포항,35.057288,128.971151,부산 도시철도 1호선
213,낫개,35.065179,128.979702,부산 도시철도 1호선
214,신장림,35.074222,128.976538,부산 도시철도 1호선
215,장림,35.081555,128.9773083,부산 도시철도 1호선
216,동매,35.089819,128.974029,부산 도시철도 1호선
217,신평,35.09556,128.96056,부산 도시철도 1호선
218,하단,35.10611,128.96667,부산 도시철도 1호선
219,당리,35.10333,128.97417,부산 도시철도 1호선
220,사하,35.09972,128.98333,부산 도시철도 1호선
221,괴정,35.1,128.9925,부산 도시철도 1호선
222,대티,35.10306,128.99972,부산 도시철도 1호선
223,서대신,35.11083,129.01194,부산 도시철도 1호선
224,동대신,35.11056,129.01757,부산 도시철도 1호선
225,토성,35.10083,129.01972,부산 도시철도 1호선
226,자갈치,35.0975,129.02694,부산 도시철도 1호선
227,남포,35.09778,129.03472,부산 도시철도 1호선
228,중앙,35.10389,129.03639,부산 도시철도 1호선
229,부산역,35.11528,129.03972,부산 도시철도 1호선
230,초량,35.12111,129.04296,부산 도시철도 1호선
231,부산진,35.12778,129.04778,부산 도시철도 1호선
232,좌천,35.13417,129.05417,부산 도시철도 1호선
233,범일,35.14139,129.05944,부산 도시철도 1호선
234,범내골,35.14722,129.05917,부산 도시철도 1호선
235,서면,35.15778,129.05917,부산 도시철도 1호선
236,부전,35.1625,129.06278,부산 도시철도 1호선
237,양정,35.17304,129.07119,부산 도시철도 1호선
238,시청(연제),35.17972,129.07667,부산 도시철도 1호선
239,연산,35.18611,129.08167,부산 도시철도 1호선
240,교대,35.19583,129.08,부산 도시철도 1호선
241,동래,35.20556,129.078461,부산 도시철도 1호선
242,명륜,35.21222,129.07944,부산 도시철도 1호선
243,온천장,35.22056,129.08667,부산 도시철도 1호선
244,부산대,35.23,129.08944,부산 도시철도 1호선
245,장전,35.23806,129.08806,부산 도시철도 1호선
246,구서,35.247407,129.091327,부산 도시철도 1호선
247,두실,35.25694,129.09139,부산 도시철도 1호선
248,남산,35.26528,129.0925,부산 도시철도 1호선
249,범어사,35.27333,129.09268,부산 도시철도 1호선
250,노포,35.28361,129.095,부산 도시철도 1호선
251,장산,35.17,129.17694,부산 도시철도 2호선
252,중동,35.16669,129.16887,부산 도시철도 2호선
253,해운대,35.163518,129.158584,부산 도시철도 2호선
254,동백,35.16147,129.147887,부산 도시철도 2호선
255,벡스코,35.16911,129.138431,부산 도시철도 2호선
256,센텀시티,35.16892,129.131764,부산 도시철도 2호선
257,민락,35.16722,129.121878,부산 도시철도 2호선
258,수영,35.16578,129.114842,부산 도시철도 2호선
259,광안,35.15792,129.113197,부산 도시철도 2호선
260,금련산,35.14989,129.111008,부산 도시철도 2호선
261,남천,35.14217,129.10797,부산 도시철도 2호선
262,경성대·부경대,35.13757,129.10055,부산 도시철도 2호선
263,대연,35.13512,129.09218,부산 도시철도 2호선
264,못골,35.13472,129.08442,부산 도시철도 2호선
265,지게골,35.13558,129.07436,부산 도시철도 2호선
266,문현,35.13911,129.06736,부산 도시철도 2호선
267,국제금융센터·부산은행,35.14583,129.06672,부산 도시철도 2호선
268,전포,35.15311,129.06533,부산 도시철도 2호선
269,서면,35.15768,129.058517,부산 도시철도 2호선
270,부암,35.15744,129.05019,부산 도시철도 2호선
271,가야,35.15589,129.04283,부산 도시철도 2호선
272,동의대,35.15411,129.0325,부산 도시철도 2호선
273,개금,35.15325,129.02056,부산 도시철도 2호선
274,냉정,35.15125,129.01228,부산 도시철도 2호선
275,주례,35.1505,129.00306,부산 도시철도 2호선
276,감전,35.15553,128.99114,부산 도시철도 2호선
277,사상,35.16218,128.98467,부산 도시철도 2호선
278,덕포,35.17378,128.98394,부산 도시철도 2호선
279,모덕,35.18036,128.98561,부산 도시철도 2호선
280,모라,35.18967,128.98864,부산 도시철도 2호선
281,구남,35.19681,128.99492,부산 도시철도 2호선
282,구명,35.20253,128.99931,부산 도시철도 2호선
283,덕천,35.21011,129.00533,부산 도시철도 2호선
284,수정,35.22336,129.00922,부산 도시철도 2호선
285,화명,35.23585,129.01387,부산 도시철도 2호선
286,율리,35.24672,129.01292,부산 도시철도 2호선
287,동원,35.25864,129.01242,부산 도시철도 2호선
288,금곡,35.26733,129.01686,부산 도시철도 2호선
289,호포,35.281,129.017525,부산 도시철도 2호선
290,증산,35.30828,129.01028,부산 도시철도 2호선
291,부산대양산캠퍼스,35.31697,129.01383,부산 도시철도 2호선
292,남양산,35.32533,129.01942,부산 도시철도 2호선
293,양산,35.33851,129.02643,부산 도시철도 2호선
294,수영,35.16775,129.11458,부산 도시철도 3호선
295,망미,35.17153,129.10822,부산 도시철도 3호선
296,배산,35.1735,129.0955,부산 도시철도 3호선
297,물만골,35.17681,129.08575,부산 도시철도 3호선
298,연산,35.18614,129.08147,부산 도시철도 3호선
299,거제,35.18858,129.07394,부산 도시철도 3호선
300,종합운동장,35.19125,129.0675,부산 도시철도 3호선
301,사직,35.199,129.065,부산 도시철도 3호선
302,미남,35.2055,129.06806,부산 도시철도 3호선
303,만덕,35.213,129.0365,부산 도시철도 3호선
304,남산정,35.21333,129.02392,부산 도시철도 3호선
305,숙등,35.21197,129.01275,부산 도시철도 3호선
306,덕천,35.210139,129.005545,부산 도시철도 3호선
307,구포,35.20644,128.99631,부산 도시철도 3호선
308,강서구청,35.21125,128.98175,부산 도시철도 3호선
309,체육공원,35.21261,128.96894,부산 도시철도 3호선
310,대저,35.21343,128.96074,부산 도시철도 3호선
311,미남,35.20643,129.06868,부산 경량도시철도 4호선
312,동래,35.20466,129.07741,부산 경량도시철도 4호선
313,수안,35.20183,129.08378,부산 경량도시철도 4호선
314,낙민,35.20025,129.09078,부산 경량도시철도 4호선
315,충렬사,35.19986,129.09764,부산 경량도시철도 4호선
316,명장,35.20503,129.10161,부산 경량도시철도 4호선
317,서동,35.21331,129.10769,부산 경량도시철도 4호선
318,금사,35.21583,129.11517,부산 경량도시철도 4호선
319,반여농산물시장,35.21778,129.12397,부산 경량도시철도 4호선
320,석대,35.21825,129.13717,부산 경량도시철도 4호선
321,영산대,35.22578,129.14617,부산 경량도시철도 4호선
322,윗반송,35.2325,129.15403,부산 경량도시철도 4호선
323,고촌,35.23603,129.1605,부산 경량도시철도 4호선
324,안평,35.23733,129.17183,부산 경량도시철도 4호선
325,사상,35.1623018,128.9859408,부산김해경전철
326,괘법르네시떼,35.1632616,128.9776836,부산김해경전철
327,서부산유통지구,35.16640204,128.9548881,부산김해경전철
328,공항,35.171906,128.948586,부산김해경전철
329,덕두,35.182001,128.954198,부산김해경전철
330,등구,35.196143,128.963599,부산김해경전철
331,대저,35.213066,128.960562,부산김해경전철
332,평강,35.214105,128.950825,부산김해경전철
333,대사,35.217657,128.938417,부산김해경전철
334,불암,35.222162,128.927893,부산김해경전철
335,지내,35.2275,128.923721,부산김해경전철
336,김해대학,35.22899,128.915612,부산김해경전철
337,인제대,35.228099,128.901736,부산김해경전철
338,김해시청,35.227103,128.89041,부산김해경전철
339,부원,35.22646624,128.8838997,부산김해경전철
340,봉황,35.22726757,128.8743069,부산김해경전철
341,수로왕릉,35.2328215,128.8721409,부산김해경전철
342,박물관,35.24006467,128.8718628,부산김해경전철
343,연지공원,35.24965763,128.8692908,부산김해경전철
344,장신대,35.25955642,128.8671142,부산김해경전철
345,가야대,35.26672721,128.8650703,부산김해경전철
346,청량리(서울시립대입구),37.580148,127.045063,1호선
347,제기동,37.578116,127.034902,1호선
348,신설동,37.576117,127.02471,1호선
349,동묘앞,37.573265,127.016459,1호선
350,동대문,37.571646,127.01069,1호선
351,종로5가,37.570971,127.0019,1호선
352,종로3가,37.570429,126.992095,1호선
353,종각,37.570203,126.983116,1호선
354,시청,37.565211,126.977207,1호선
355,서울역,37.55585,126.972103,1호선
356,시청,37.563534,126.975271,2호선
357,을지로입구,37.565998,126.982569,2호선
358,을지로3가,37.566292,126.990873,2호선
359,을지로4가,37.566611,126.997622,2호선
360,동대문역사문화공원(DDP),37.565609,127.009083,2호선
361,신당,37.565675,127.0194259,2호선
362,상왕십리,37.564444,127.029322,2호선
363,왕십리(성동구청),37.561289,127.0370615,2호선
364,한양대,37.555758,127.0436594,2호선
365,뚝섬,37.54718,127.047413,2호선
366,성수,37.544628,127.055983,2호선
367,건대입구,37.540408,127.069231,2호선
368,구의(광진구청),37.537157,127.0862124,2호선
369,강변(동서울터미널),37.535161,127.094684,2호선
370,잠실나루,37.520688,127.103836,2호선
371,잠실(송파구청),37.513305,127.100129,2호선
372,잠실새내,37.511653,127.086224,2호선
373,종합운동장,37.511128,127.073841,2호선
374,삼성(무역센터),37.508827,127.063203,2호선
375,선릉,37.504257,127.048174,2호선
376,역삼,37.500658,127.03643,2호선
377,강남,37.49805,127.02795,2호선
378,교대(법원·검찰청),37.493957,127.014431,2호선
379,서초,37.49191,127.007685,2호선
380,방배,37.481469,126.997627,2호선
381,사당,37.476536,126.981631,2호선
382,낙성대(강감찬),37.47713,126.963583,2호선
383,서울대입구(관악구청),37.481233,126.952745,2호선
384,봉천,37.482416,126.941696,2호선
385,신림,37.484216,126.929573,2호선
386,신대방,37.487604,126.913479,2호선
387,구로디지털단지,37.4852931,126.901456,2호선
388,대림(구로구청),37.4932826,126.8949793,2호선
389,신도림,37.508815,126.891222,2호선
390,문래,37.517993,126.894766,2호선
391,영등포구청,37.525766,126.896627,2호선
392,당산,37.534807,126.902611,2호선
393,합정,37.550025,126.914557,2호선
394,홍대입구,37.556748,126.923643,2호선
395,신촌(지하),37.555153,126.93689,2호선
396,이대,37.556734,126.945897,2호선
397,아현,37.557407,126.956079,2호선
398,충정로(경기대입구),37.559742,126.964455,2호선
399,지축,37.648151,126.913751,3호선
400,구파발,37.636612,126.918827,3호선
401,연신내,37.619295,126.920959,3호선
402,불광,37.610154,126.930183,3호선
403,녹번,37.600882,126.935758,3호선
404,홍제,37.588851,126.944092,3호선
405,무악재,37.582658,126.950131,3호선
406,독립문,37.574534,126.957902,3호선
407,경복궁(정부서울청사),37.575844,126.973576,3호선
408,안국,37.576562,126.98547,3호선
409,종로3가,37.571537,126.991837,3호선
410,을지로3가,37.566299,126.992616,3호선
411,충무로,37.561382,126.994173,3호선
412,동대입구,37.55906,127.005273,3호선
413,약수,37.554554,127.010858,3호선
414,금호,37.548269,127.015785,3호선
415,옥수,37.541653,127.017303,3호선
416,압구정,37.526169,127.028502,3호선
417,신사,37.516438,127.020247,3호선
418,잠원,37.512989,127.011613,3호선
419,고속터미널,37.504953,127.004916,3호선
420,교대(법원·검찰청),37.49306,127.013796,3호선
421,남부터미널(예술의전당),37.48494,127.016289,3호선
422,양재(서초구청),37.48458,127.03423,3호선
423,매봉,37.487114,127.046907,3호선
424,도곡,37.491129,127.055694,3호선
425,대치,37.494601,127.063449,3호선
426,학여울,37.496787,127.0708601,3호선
427,대청,37.493607,127.079526,3호선
428,일원,37.48389,127.08416,3호선
429,수서,37.4875,127.101924,3호선
430,가락시장,37.492318,127.1177,3호선
431,경찰병원,37.495754,127.124198,3호선
432,오금,37.502288,127.128344,3호선
433,불암산,37.67009,127.079004,4호선
434,상계,37.660576,127.073199,4호선
435,노원,37.656274,127.063183,4호선
436,창동,37.653315,127.048304,4호선
437,쌍문,37.648274,127.034381,4호선
438,수유(강북구청),37.637727,127.025371,4호선
439,미아(서울사이버대학),37.626435,127.026151,4호선
440,미아사거리,37.613276,127.030083,4호선
441,길음,37.603387,127.025053,4호선
442,성신여대입구(돈암),37.592882,127.016908,4호선
443,한성대입구(삼선교),37.58838,127.005951,4호선
444,혜화,37.582116,127.001929,4호선
445,동대문,37.57099,127.00925,4호선
446,동대문역사문화공원(DDP),37.565141,127.007808,4호선
447,충무로,37.561352,126.994573,4호선
448,명동,37.560955,126.986271,4호선
449,회현(남대문시장),37.558698,126.978346,4호선
450,서울역,37.553172,126.972706,4호선
451,숙대입구(갈월),37.5447834,126.9721,4호선
452,삼각지(전쟁기념관),37.534457,126.972992,4호선
453,신용산,37.52909,126.96788,4호선
454,이촌(국립중앙박물관),37.52919,126.9679818,4호선
455,동작(현충원),37.503567,126.980171,4호선
456,총신대입구(이수),37.487521,126.982309,4호선
457,사당,37.476263,126.981636,4호선
458,남태령,37.464339,126.989081,4호선
459,방화,37.577669,126.812822,5호선
460,개화산,37.572458,126.806838,5호선
461,김포공항,37.56217,126.801273,5호선
462,송정,37.561201,126.812052,5호선
463,마곡,37.55865,126.837693,5호선
464,발산,37.558692,126.837633,5호선
465,우장산,37.548864,126.83633,5호선
466,화곡,37.541585,126.840436,5호선
467,까치산,37.5322,126.84645,5호선
468,신정(은행정),37.525001,126.856176,5호선
469,목동,37.526088,126.864296,5호선
470,오목교(목동운동장앞),37.524557,126.875049,5호선
471,양평,37.525614,126.886177,5호선
472,영등포구청,37.524209,126.895022,5호선
473,영등포시장,37.52276,126.905143,5호선
474,신길,37.51763,126.914886,5호선
475,여의도,37.521678,126.924318,5호선
476,여의나루,37.527045,126.932807,5호선
477,마포,37.539718,126.946043,5호선
478,공덕,37.544005,126.951058,5호선
479,애오개,37.553592,126.956733,5호선
480,충정로(경기대입구),37.560061,126.962783,5호선
481,서대문,37.565812,126.966639,5호선
482,광화문(세종문화회관),37.571645,126.976568,5호선
483,종로3가(탑골공원),37.572546,126.990447,5호선
484,을지로4가,37.56728,126.998127,5호선
485,동대문역사문화공원(DDP),37.564682,127.00533,5호선
486,청구,37.560237,127.01379,5호선
487,신금호,37.554504,127.020403,5호선
488,행당,37.557297,127.029482,5호선
489,왕십리(성동구청),37.56197,127.037264,5호선
490,마장,37.566066,127.042921,5호선
491,답십리,37.566833,127.05266,5호선
492,장한평,37.561438,127.064601,5호선
493,군자(능동),37.557102,127.079559,5호선
494,아차산(어린이대공원후문),37.552005,127.089609,5호선
495,광나루(장신대),37.545301,127.103478,5호선
496,천호(풍납토성),37.538566,127.123539,5호선
497,강동,37.53581,127.13249,5호선
498,길동,37.538022,127.140085,5호선
499,굽은다리(강동구민회관앞),37.545442,127.142844,5호선
500,명일,37.551317,127.144002,5호선
501,고덕,37.555002,127.154214,5호선
502,상일동,37.556714,127.166381,5호선
503,강일,37.557521,127.176018,5호선
504,미사,37.56309,127.192954,5호선
505,하남풍산,37.552201,127.203897,5호선
506,하남시청(덕풍∙신장),37.541723,127.206901,5호선
507,하남검단산,37.539729,127.223427,5호선
508,응암,37.59859,126.915583,6호선
509,역촌,37.60605,126.922764,6호선
510,불광,37.610919,126.929504,6호선
511,독바위,37.618413,126.933035,6호선
512,연신내,37.618483,126.920403,6호선
513,구산,37.611196,126.9172519,6호선
514,새절(신사),37.591148,126.913613,6호선
515,증산(명지대앞),37.583989,126.909785,6호선
516,디지털미디어시티,37.5760805,126.901343,6호선
517,월드컵경기장(성산),37.569439,126.899077,6호선
518,마포구청,37.563529,126.903356,6호선
519,망원,37.556031,126.910129,6호선
520,합정,37.549033,126.913546,6호선
521,상수,37.547704,126.92292,6호선
522,광흥창(서강),37.547464,126.931971,6호선
523,대흥(서강대앞),37.547732,126.942214,6호선
524,공덕,37.543592,126.951664,6호선
525,효창공원앞,37.539279,126.961348,6호선
526,삼각지(전쟁기념관),37.535563,126.973996,6호선
527,녹사평(용산구청),37.53469,126.98665,6호선
528,이태원,37.534485,126.994369,6호선
529,한강진,37.53956,127.001729,6호선
530,버티고개,37.547933,127.006948,6호선
531,약수,37.554087,127.010237,6호선
532,청구,37.560221,127.013776,6호선
533,신당,37.566174,127.016158,6호선
534,동묘앞,37.572275,127.015666,6호선
535,창신,37.579772,127.015246,6호선
536,보문,37.585426,127.019722,6호선
537,안암(고대병원앞),37.586261,127.02903,6호선
538,고려대(종암),37.59034,127.03626,6호선
539,월곡(동덕여대),37.60192,127.041492,6호선
540,상월곡(한국과학기술연구원),37.606392,127.048509,6호선
541,돌곶이,37.610522,127.056419,6호선
542,석계,37.614937,127.065922,6호선
543,태릉입구,37.617319,127.074741,6호선
544,화랑대(서울여대입구),37.619875,127.084106,6호선
545,봉화산(서울의료원),37.617429,127.0912326,6호선
546,신내,37.612571,127.104326,6호선
547,장암,37.70015,127.053126,7호선
548,도봉산,37.689131,127.046548,7호선
549,수락산,37.677804,127.055314,7호선
550,마들,37.664985,127.057701,7호선
551,노원,37.654478,127.060555,7호선
552,중계,37.645052,127.064084,7호선
553,하계,37.636363,127.067999,7호선
554,공릉(서울과학기술대),37.625642,127.072969,7호선
555,태릉입구,37.618519,127.075361,7호선
556,먹골,37.610638,127.077719,7호선
557,중화,37.602604,127.079254,7호선
558,상봉,37.595673,127.085708,7호선
559,면목,37.588671,127.087503,7호선
560,사가정,37.580912,127.088502,7호선
561,용마산(용마폭포공원),37.573752,127.086802,7호선
562,중곡,37.565877,127.084291,7호선
563,군자(능동),37.557151,127.079484,7호선
564,어린이대공원(세종대),37.547962,127.07465,7호선
565,건대입구,37.540882,127.071103,7호선
566,자양(뚝섬한강공원),37.531558,127.066714,7호선
567,청담,37.519097,127.051851,7호선
568,강남구청,37.517185,127.04122,7호선
569,학동,37.514262,127.031738,7호선
570,논현,37.511108,127.021385,7호선
571,반포,37.508171,127.011717,7호선
572,고속터미널,37.503387,127.005055,7호선
573,내방,37.48764,126.993541,7호선
574,이수,37.485258,126.981766,7호선
575,총신대입구(이수),37.485258,126.981766,7호선
576,남성,37.484688,126.971108,7호선
577,숭실대입구(살피재),37.496258,126.953649,7호선
578,상도,37.50279,126.947949,7호선
579,장승배기,37.504845,126.939025,7호선
580,신대방삼거리,37.499717,126.928218,7호선
581,보라매,37.499916,126.920112,7호선
582,신풍,37.500107,126.909806,7호선
583,대림(구로구청),37.492984,126.896997,7호선
584,남구로,37.486181,126.887372,7호선
585,가산디지털단지,37.480376,126.882704,7호선
586,철산,37.47616,126.868217,7호선
587,광명사거리,37.47927,126.854854,7호선
588,천왕,37.486699,126.838684,7호선
589,온수(성공회대입구),37.492059,126.823294,7호선
590,암사역사공원,37.557167,127.137556,8호선
591,암사,37.550127,127.127521,8호선
592,천호(풍납토성),37.53792,127.123179,8호선
593,강동구청,37.530348,127.120461,8호선
594,몽촌토성(평화의문),37.517692,127.11274,8호선
595,잠실(송파구청),37.514649,127.104267,8호선
596,석촌,37.505396,127.106995,8호선
597,송파,37.49978,127.11212,8호선
598,가락시장,37.493004,127.118279,8호선
599,문정,37.485931,127.122473,8호선
600,장지,37.478609,127.126229,8호선
601,복정,37.471016,127.126746,8호선
602,남위례,37.462839,127.139047,8호선
603,산성,37.456886,127.149927,8호선
604,남한산성입구(성남법원·검찰청),37.451568,127.159845,8호선
605,단대오거리,37.445057,127.156735,8호선
606,신흥,37.440952,127.14759,8호선
607,수진,37.437575,127.140936,8호선
608,모란,37.433988,127.129921,8호선
609,용답,37.562066,127.05087863,2호선
610,신답,37.569847,127.047048,2호선
611,용두(동대문구청),37.574012,127.03811,2호선
612,신설동,37.574653,127.025158,2호선
613,도림천,37.5145589,126.882586,2호선
614,양천구청,37.5123294,126.865593,2호선
615,신정네거리,37.520218,126.852849,2호선
616,둔촌동,37.527787,127.136219,5호선
617,올림픽공원(한국체대),37.516217,127.130957,5호선
618,방이,37.508752,127.126054,5호선
619,오금,37.502228,127.127701,5호선
620,개롱,37.498097,127.134817,5호선
621,거여,37.493208,127.143983,5호선
622,마천,37.494972,127.152784,5호선
623,언주,37.507287,127.033868,수도권  도시철도 9호선
624,선정릉,37.51028,127.0437593,수도권  도시철도 9호선
625,삼성중앙,37.513011,127.053282,수도권  도시철도 9호선
626,봉은사,37.514219,127.060245,수도권  도시철도 9호선
627,종합운동장,37.511156,127.076917,수도권  도시철도 9호선
628,삼전,37.504531,127.087211,수도권  도시철도 9호선
629,석촌고분,37.502439,127.096611,수도권  도시철도 9호선
630,석촌,37.505078,127.106944,수도권  도시철도 9호선
631,송파나루,37.51055,127.112451,수도권  도시철도 9호선
632,한성백제,37.516369,127.116211,수도권  도시철도 9호선
633,올림픽공원(한국체대),37.516111,127.130333,수도권  도시철도 9호선
634,둔촌오륜,37.519339,127.138619,수도권  도시철도 9호선
635,중앙보훈병원,37.528807,127.148488,수도권  도시철도 9호선
636,개화,37.578591,126.797833,서울 도시철도 9호선
637,김포공항,37.562056,126.801633,서울 도시철도 9호선
638,공항시장,37.563726,126.810678,서울 도시철도 9호선
639,신방화,37.5675,126.816667,서울 도시철도 9호선
640,마곡나루(서울식물원),37.566717,126.8276071,서울 도시철도 9호선
641,양천향교,37.568333,126.841389,서울 도시철도 9호선
642,가양,37.561111,126.855078,서울 도시철도 9호선
643,증미,37.55785,126.861067,서울 도시철도 9호선
644,등촌,37.551111,126.864722,서울 도시철도 9호선
645,염창,37.546944,126.874722,서울 도시철도 9호선
646,신목동,37.544167,126.883056,서울 도시철도 9호선
647,선유도,37.537778,126.893889,서울 도시철도 9호선
648,당산,37.533844,126.902222,서울 도시철도 9호선
649,국회의사당,37.528105,126.917874,서울 도시철도 9호선
650,여의도,37.521744,126.924167,서울 도시철도 9호선
651,샛강,37.5173,126.9284,서울 도시철도 9호선
652,노량진,37.513667,126.940917,서울 도시철도 9호선
653,노들,37.512726,126.953096,서울 도시철도 9호선
654,흑석(중앙대입구),37.508889,126.963611,서울 도시철도 9호선
655,동작(현충원),37.502878,126.978278,서울 도시철도 9호선
656,구반포,37.501389,126.987222,서울 도시철도 9호선
657,신반포,37.5035033,126.996044,서울 도시철도 9호선
658,고속터미널,37.505933,127.004044,서울 도시철도 9호선
659,사평,37.504161,127.015219,서울 도시철도 9호선
660,신논현,37.504444,127.024417,서울 도시철도 9호선
661,북한산우이,37.66284,127.01272,우이신설선
662,솔밭공원,37.65607,127.01326,우이신설선
663,4.19민주묘지,37.64954,127.01371,우이신설선
664,가오리,37.64162,127.01681,우이신설선
665,화계,37.63428,127.0175,우이신설선
666,삼양,37.62706,127.01817,우이신설선
667,삼양사거리,37.62144,127.02049,우이신설선
668,솔샘,37.62037,127.01357,우이신설선
669,북한산보국문,37.61233,127.00816,우이신설선
670,정릉,37.60278,127.01345,우이신설선
671,성신여대입구,37.59247,127.01656,우이신설선
672,보문,37.58551,127.01939,우이신설선
673,신설동,37.57659,127.023221,우이신설선
674,발곡,37.726983,127.052889,의정부
675,회룡,37.72505255,127.0467864,의정부
676,범골,37.7287279,127.0437202,의정부
677,경전철의정부,37.73729974,127.043321,의정부
678,의정부시청,37.73924874,127.034854,의정부
679,흥선,37.74322487,127.0371765,의정부
680,의정부중앙,37.74371903,127.0496332,의정부
681,동오,37.74519123,127.05703,의정부
682,새말,37.74889941,127.063869,의정부
683,경기도청북부청사,37.75073213,127.0714795,의정부
684,효자,37.75398452,127.0773155,의정부
685,곤제,37.75054343,127.0838651,의정부
686,어룡,37.74272184,127.0852045,의정부
687,송산,37.7371698,127.0872755,의정부
688,탑석,37.73355362,127.0889064,의정부
689,인천국제공항역,37.447222,126.4525,자기부상철도
690,장기주차장역,37.44385,126.455671,자기부상철도
691,합동청사역,37.440519,126.458654,자기부상철도
692,파라다이스시티역,37.437217,126.459858,자기부상철도
693,워터파크역,37.429227,126.434183,자기부상철도
694,용유역,37.424805,126.423637,자기부상철도
695,검단호수공원,37.6025,126.688056,인천지하철 1호선
696,신검단중앙,37.6026,126.698611,인천지하철 1호선
697,"아라(북부법원, 검찰청)",37.592222,126.713333,인천지하철 1호선
698,계양,37.571539,126.736319,인천지하철 1호선
699,귤현,37.566362,126.742498,인천지하철 1호선
700,박촌,37.553525,126.744946,인천지하철 1호선
701,임학,37.545058,126.738642,인천지하철 1호선
702,계산,37.543243,126.728436,인천지하철 1호선
703,경인교대입구,37.538272,126.722603,인천지하철 1호선
704,작전,37.530271,126.722548,인천지하철 1호선
705,갈산,37.517124,126.721566,인천지하철 1호선
706,부평구청,37.508768,126.720547,인천지하철 1호선
707,부평시장,37.498495,126.722282,인천지하철 1호선
708,부평,37.490541,126.723437,인천지하철 1호선
709,동수,37.485409,126.718464,인천지하철 1호선
710,부평삼거리,37.478267,126.710494,인천지하철 1호선
711,간석오거리,37.466921,126.707861,인천지하철 1호선
712,인천시청,37.457615,126.702216,인천지하철 1호선
713,예술회관,37.449334,126.700991,인천지하철 1호선
714,인천터미널,37.441917,126.699727,인천지하철 1호선
715,문학경기장,37.434964,126.698373,인천지하철 1호선
716,선학,37.426985,126.698872,인천지하철 1호선
717,신연수,37.418032,126.693853,인천지하철 1호선
718,원인재,37.412364,126.687893,인천지하철 1호선
719,동춘,37.404676,126.680835,인천지하철 1호선
720,동막,37.398173,126.673561,인천지하철 1호선
721,캠퍼스타운,37.388209,126.661985,인천지하철 1호선
722,테크노파크,37.382311,126.656355,인천지하철 1호선
723,지식정보단지,37.378021,126.645412,인천지하철 1호선
724,인천대입구,37.386239,126.639351,인천지하철 1호선
725,센트럴파크,37.392833,126.635002,인천지하철 1호선
726,국제업무지구,37.400421,126.630105,인천지하철 1호선
727,송도달빛축제공원,37.40687495,126.6260537,인천지하철 1호선
728,검단오류,37.5950162,126.62801,인천지하철 2호선
729,왕길,37.5950191,126.642284,인천지하철 2호선
730,검단사거리,37.601693,126.656545,인천지하철 2호선
731,마전,37.597756,126.667195,인천지하철 2호선
732,완정,37.592867,126.672961,인천지하철 2호선
733,독정,37.584927,126.675981,인천지하철 2호선
734,검암,37.568611,126.675682,인천지하철 2호선
735,검바위,37.561091,126.677529,인천지하철 2호선
736,아시아드경기장,37.551373,126.677075,인천지하철 2호선
737,서구청,37.543839,126.676795,인천지하철 2호선
738,가정(루원시티),37.524805,126.675387,인천지하철 2호선
739,가정중앙시장,37.517511,126.676784,인천지하철 2호선
740,석남(거북시장),37.507211,126.676304,인천지하철 2호선
741,서부여성회관,37.500298,126.675875,인천지하철 2호선
742,인천가좌,37.489962,126.675284,인천지하철 2호선
743,가재울,37.484152,126.683883,인천지하철 2호선
744,주안국가산단,37.473599,126.681102,인천지하철 2호선
745,주안,37.465234,126.679041,인천지하철 2호선
746,시민공원,37.458339,126.6810091,인천지하철 2호선
747,석바위시장,37.457659,126.692387,인천지하철 2호선
748,인천시청,37.456904,126.701523,인천지하철 2호선
749,석천사거리,37.4569323,126.710383,인천지하철 2호선
750,모래내시장,37.455842,126.719578,인천지하철 2호선
751,만수,37.454962,126.731764,인천지하철 2호선
752,남동구청,37.448179,126.736581,인천지하철 2호선
753,인천대공원,37.448475,126.753051,인천지하철 2호선
754,운연,37.439533,126.759609,인천지하철 2호선
755,까치울,37.506236,126.81095,도시철도 7호선
756,부천종합운동장,37.505381,126.79735,도시철도 7호선
757,춘의,37.50365,126.787069,도시철도 7호선
758,신중동,37.503081,126.776161,도시철도 7호선
759,부천시청,37.504611,126.763561,도시철도 7호선
760,상동,37.505769,126.753081,도시철도 7호선
761,삼산체육관,37.506431,126.742081,도시철도 7호선
762,굴포천,37.50695,126.731481,도시철도 7호선
763,부평구청,37.507523,126.721356,도시철도 7호선
764,산곡,37.508547,126.70351,도시철도 7호선
765,석남(거북시장),37.506208,126.676213,도시철도 7호선
766,남영역,37.540597,126.971171,경부선
767,용산역,37.52989,126.964775,"경부선, 경원선"
768,노량진역,37.514072,126.941671,경부선
769,대방역,37.513392,126.926407,경부선
770,영등포역,37.515756,126.907411,경부선
771,신도림역,37.508983,126.891513,경부선
772,이촌역,37.522476,126.973816,경원선
773,서빙고역,37.51961,126.988358,경원선
774,한남역,37.529361,127.008984,경원선
775,옥수역,37.540514,127.018698,경원선
776,응봉역,37.550433,127.034824,경원선
777,왕십리역,37.561728,127.038405,경원선
778,왕십리역,37.5610128,127.038705,분당선
779,청량리역,37.580543,127.048077,경원선
780,청량리역,37.580043,127.047588,경의중앙선
781,회기역,37.589602,127.057936,경원선
782,회기역,37.589802,127.057936,경의중앙선
783,외대앞역,37.596157,127.063572,경원선
784,신이문역,37.601829,127.067347,경원선
785,석계역,37.615206,127.065594,경원선
786,광운대역,37.62357,127.06181,경원선
787,광운대역,37.6239,127.062,경의중앙선
788,광운대역,37.623635,127.061975,경춘선
789,월계역,37.633114,127.058835,경원선
790,녹천역,37.644599,127.051406,경원선
791,창동역,37.653181,127.047663,경원선
792,선릉역,37.504479,127.048941,분당선
793,한티역,37.496208,127.052883,분당선
794,도곡역,37.490914,127.055393,분당선
795,구룡역,37.486985,127.059496,분당선
796,개포동역,37.489112,127.066027,분당선
797,대모산입구역,37.491347,127.072702,분당선
798,수서역,37.487633,127.101118,분당선
799,복정역,37.469753,127.126627,분당선
800,신길역,37.517018,126.917743,경부선
801,중랑역,37.594948,127.076152,"경의중앙선, 경춘선"
802,상봉역,37.596754,127.085553,경의중앙선
803,상봉역,37.595254,127.085853,경춘선
804,망우역,37.599288,127.092318,경의중앙선
805,망우역,37.599988,127.092031,경춘선
806,양원역,36.963729,129.091321,경의중앙선
807,구리역,37.60326,127.143373,경의중앙선
808,도농역,37.608756,127.161105,경의중앙선
809,양정역,37.604269,127.194602,경의중앙선
810,덕소역,37.586892,127.208835,경의중앙선
811,도심역,37.579628,127.222798,경의중앙선
812,팔당역,37.547321,127.243896,경의중앙선
813,운길산역,37.554659,127.310089,경의중앙선
814,양수역,37.545998,127.328948,경의중앙선
815,신원역,37.525921,127.372745,경의중앙선
816,국수역,37.516171,127.399402,경의중앙선
817,아신역,37.513954,127.443238,경의중앙선
818,오빈역,37.506061,127.474053,경의중앙선
819,양평역,37.492674,127.491858,경의중앙선
820,원덕역,37.468585,127.547468,경의중앙선
821,용문역,37.482085,127.594251,경의중앙선
822,지평역,37.476496,127.629681,경의중앙선
823,서울역(경의선),37.556713,126.97138700000001,경의중앙선
824,신촌역,37.559768,126.942308,경의중앙선
825,효창공원앞역,37.538789,126.962339,경의중앙선
826,공덕역,37.542711,126.952134,경의중앙선
827,서강대역,37.552132,126.935389,경의중앙선
828,홍대입구역,37.55758,126.926833,경의중앙선
829,가좌역,37.568611,126.914841,경의중앙선
830,디지털미디어시티역,37.577964,126.900421,경의중앙선
831,수색역,37.580855,126.895681,경의중앙선
832,한국항공대,37.603102,126.868291,경의중앙선
833,강매역,37.612396,126.844537,경의중앙선
834,행신역,37.612125,126.834063,경의중앙선
835,능곡역,37.618741,126.82089,경의중앙선
836,능곡역,37.618741,126.8206,서해선
837,곡산역,37.645729,126.801877,"경의중앙선, 서해선"
838,백마역,37.658346,126.794401,"경의중앙선, 서해선"
839,풍산역,37.672173,126.786355,"경의중앙선, 서해선"
840,일산역,37.682231,126.769521,"경의중앙선, 서해선"
841,탄현역,37.694114,126.761075,경의중앙선
842,야당역,37.712749,126.761535,경의중앙선
843,운정역,37.725441000000004,126.767076,경의중앙선
844,금릉역,37.751295,126.765401,경의중앙선
845,금촌역,37.766106,126.774515,경의중앙선
846,월롱역,37.796201,126.792574,경의중앙선
847,파주역,37.815391,126.792426,경의중앙선
848,문산역,37.854565,126.787531,경의중앙선
849,임진강역,37.888364,126.746777,경의중앙선
850,운천역,37.880008,126.769713,경의중앙선
851,신내역,37.612855,127.103277,경춘선
852,갈매역,37.634135,127.114803,경춘선
853,별내역,37.642221,127.127208,경춘선
854,퇴계원역,37.648316,127.143858,경춘선
855,사릉역,37.651145,127.176839,경춘선
856,금곡역,37.637414,127.207931,경춘선
857,평내호평역,37.653229,127.244452,경춘선
858,천마산역,37.658995,127.285731,경춘선
859,마석역,37.652328,127.311713,경춘선
860,대성리역,37.683909,127.379165,경춘선
861,청평역,37.735484,127.426541,경춘선
862,상천역,37.770305,127.4542,경춘선
863,가평역,37.814515,127.510693,경춘선
864,굴봉산역,37.832086,127.557732,경춘선
865,백양리역,37.830881,127.589085,경춘선
866,강촌역,37.805728,127.634054,경춘선
867,김유정역,37.818475,127.714302,경춘선
868,남춘천역,37.864071,127.723761,경춘선
869,춘천역,37.884391,127.716603,경춘선
870,봉명역,36.801578,127.136319,장항선
871,쌍용(나사렛대)역,36.793745,127.121363,장항선
872,아산역,36.792195,127.104384,장항선
873,탕정역,36.788272,127.084446,장항선
874,배방역,36.777541,127.052751,장항선
875,온양온천역,36.780419,127.003707,장항선
876,신창(순천향대)역,36.769213,126.950129,장항선
877,선바위역,37.451854,127.002164,안산과천선
878,경마공원역,37.443987,127.007899,안산과천선
879,대공원역,37.435724,127.006474,안산과천선
880,과천역,37.432805,126.996404,안산과천선
881,정부과천청사역,37.426445,126.989802,안산과천선
882,인덕원역,37.401901,126.976718,안산과천선
883,평촌역,37.394346,126.963881,안산과천선
884,범계역,37.389783,126.950752,안산과천선
885,판교역,37.394798,127.111135,경강선
886,이매역,37.394736,127.127048,경강선
887,삼동역,37.408731,127.203447,경강선
888,경기광주역,37.398974,127.253201,경강선
889,초월역,37.373389,127.299996,경강선
890,곤지암역,37.350525,127.346186,경강선
891,신둔도예촌역,37.315499,127.405251,경강선
892,이천역,37.264222,127.442135,경강선
893,부발역,37.260411,127.490303,경강선
894,세종대왕릉역,37.293636,127.570764,경강선
895,여주역,37.282881,127.628571,경강선
896,성남역,37.394709,127.11949,경강선
897,구로역,37.503178,126.882037,경부선
898,가산디지털단지역,37.481568,126.882628,경부선
899,금천구청역,37.45576,126.894344,경부선
900,석수역,37.435161,126.902233,경부선
901,관악역,37.419578,126.908476,경부선
902,안양역,37.401929,126.922647,경부선
903,명학역,37.384435,126.935579,경부선
904,금정역,37.371957,126.943411,경부선
905,금정역,37.371957,126.943611,안산과천선
906,군포역,37.353732,126.948517,경부선
907,의왕역,37.320648,126.948099,경부선
908,성균관대역,37.300344,126.970861,경부선
909,화서역,37.28399,126.989581,경부선
910,수원역,37.266162,126.999821,경부선
911,독산역,37.465994,126.889508,경부선
912,세류역,37.244102,127.013772,경부선
913,병점역,37.206821,127.033268,경부선
914,세마역,37.187288,127.043279,경부선
915,오산대역,37.169401,127.063081,경부선
916,오산역,37.145472,127.066708,경부선
917,진위역,37.109771,127.062342,경부선
918,송탄역,37.075376,127.054397,경부선
919,서정리역,37.056459,127.052844,경부선
920,평택지제역,37.018822,127.070269,경부선
921,평택역,36.990559,127.085496,경부선
922,성환역,36.915781,127.127007,경부선
923,직산역,36.870921,127.143774,경부선
924,두정역,36.833791,127.148905,경부선
925,천안역,36.810238,127.146417,경부선
926,당정역,37.34338,126.948388,경부선
927,서동탄역,37.195675,127.051893,경부선
928,광명역,37.415995,126.884523,경부선
929,산본역,37.358019,126.932969,안산과천선
930,대야미역,37.328304,126.917161,안산과천선
931,반월역,37.312244,126.903684,안산과천선
932,상록수역,37.302845,126.866533,안산과천선
933,한대앞역,37.309985,126.853506,수인선
934,한대앞역,37.309685,126.853656,안산과천선
935,중앙역,37.316055,126.838532,"수인선, 안산과천선"
936,고잔역,37.316821,126.823094,"수인선, 안산과천선"
937,초지역,37.320583,126.806151,"수인선, 안산과천선"
938,안산역,37.327006,126.788748,"수인선, 안산과천선"
939,능길역,37.337488,126.767306,"수인선, 안산과천선"
940,정왕역,37.351816,126.742844,"수인선, 안산과천선"
941,오이도역,37.361773,126.738437,"수인선, 안산과천선"
942,수리산역,37.350297,126.925537,안산과천선
943,개봉역,37.494698,126.858504,경인선
944,오류동역,37.4944,126.844551,경인선
945,역곡역,37.48514,126.811622,경인선
946,부천역,37.484066,126.782779,경인선
947,송내역,37.487626,126.753045,경인선
948,부평역,37.489457,126.724584,경인선
949,백운역,37.483301,126.707179,경인선
950,동암역,37.470835,126.703016,경인선
951,주안역,37.465041,126.680702,경인선
952,제물포역,37.466809,126.657165,경인선
953,동인천역,37.475414,126.632598,경인선
954,인천역,37.476364,126.616936,경인선
955,구일역,37.495973,126.869201,경인선
956,부개역,37.488479,126.740549,경인선
957,간석역,37.464689,126.693408,경인선
958,도원역,37.468604,126.642824,경인선
959,온수역,37.492267,126.823399,경인선
960,중동역,37.486664,126.764474,경인선
961,도화역,37.466154,126.66846,경인선
962,수원역(분당),37.266162,127.000082,분당선
963,서울숲역,37.543647,127.044686,분당선
964,압구정로데오역,37.527385,127.040555,분당선
965,강남구청역,37.516572,127.041575,분당선
966,선정릉역,37.510775,127.043717,분당선
967,가천대역,37.448784,127.126677,분당선
968,태평역,37.439842,127.127746,분당선
969,모란역,37.432124,127.129064,분당선
970,야탑역,37.41132,127.128661,분당선
971,서현역,37.384931,127.123249,분당선
972,수내역,37.378435,127.114216,분당선
973,정자역,37.366037,127.108091,분당선
974,미금역,37.350078,127.108952,분당선
975,오리역,37.339832,127.108985,분당선
976,이매역,37.395846,127.128272,분당선
977,보정역,37.31274,127.108219,분당선
978,죽전역,37.324575,127.107385,분당선
979,구성역,37.299013,127.105664,분당선
980,신갈역,37.286127,127.111311,분당선
981,기흥역,37.275657,127.115944,분당선
982,상갈역,37.261797,127.108718,분당선
983,청명역,37.259485,127.078945,분당선
984,영통역,37.251521,127.071341,분당선
985,망포역,37.245793,127.057367,분당선
986,매탄권선역,37.252458,127.040824,분당선
987,수원시청역,37.261941,127.030736,분당선
988,매교역,37.265502,127.015657,분당선
989,고색역,37.249829,126.9805899,수인선
990,오목천역,37.243011,126.9636354,수인선
991,어천역,37.250076,126.908805,수인선
992,야목역,37.261211,126.884029,수인선
993,사리역,37.290809,126.857172,수인선
994,달월역,37.379993,126.745431,수인선
995,월곶역,37.39189,126.742741,수인선
996,소래포구역,37.400963,126.733533,수인선
997,인천논현역,37.400641,126.722495,수인선
998,호구포역,37.401622,126.708682,수인선
999,남동인더스파크역,37.407668,126.695613,수인선
1000,원인재역,37.412921,126.686952,수인선
1001,연수역,37.417769,126.678991,수인선
1002,송도역,37.429714,126.654486,수인선
1003,인하대역,37.448191,126.649832,수인선
1004,숭의역,37.460891,126.638035,수인선
1005,신포역,37.468442,126.624509,수인선
1006,인천역,37.476364,126.6174236,수인선
1007,방학역,37.667471,127.044295,경원선
1008,도봉역,37.679441,127.045521,경원선
1009,도봉산역,37.689603,127.046047,경원선
1010,망월사역,37.710499,127.047361,경원선
1011,회룡역,37.724037,127.047319,경원선
1012,의정부역,37.73873,127.045891,경원선
1013,가능역,37.748362,127.044251,경원선
1014,녹양역,37.759416,127.042272,경원선
1015,양주역,37.774281,127.044719,경원선
1016,덕계역,37.818761,127.056676,경원선
1017,덕정역,37.843216,127.061511,경원선
1018,지행역,37.892361,127.055734,경원선
1019,동두천중앙역,37.901818,127.056528,경원선
1020,보산역,37.914268,127.057134,경원선
1021,동두천역,37.927569,127.054825,경원선
1022,소요산역,37.948608,127.061007,경원선
1023,청산역,37.995138,127.074097,경원선
1024,전곡역,38.024041,127.071913,경원선
1025,연천역,38.100485,127.07368,경원선
1026,원흥역,37.650709,126.873239,일산선
1027,지축역,37.648114,126.913746,일산선
1028,삼송역,37.653096,126.895559,일산선
1029,원당역,37.653103,126.842891,일산선
1030,화정역,37.634708,126.832503,일산선
1031,대곡역,37.631629,126.810225,경의중앙선
1032,대곡역,37.631629,126.809802,서해선
1033,대곡역,37.631629,126.811025,일산선
1034,백석역,37.642973,126.788109,일산선
1035,마두역,37.652185,126.777641,일산선
1036,정발산역,37.659709,126.773254,일산선
1037,주엽역,37.670138,126.761232,일산선
1038,대화역,37.675883,126.747756,일산선
1039,김포공항역,37.5621179,126.804056,서해선
1040,원종역,37.5240628,126.8048386,서해선
1041,부천종합운동장역,37.505852,126.797498,서해선
1042,소사역,37.482755,126.795654,경인선
1043,소사역,37.482755,126.7950654,서해선
1044,소새울역,37.4685046,126.797228,서해선
1045,시흥대야역,37.4504787,126.793142,서해선
1046,신천역,37.4391147,126.786835,서해선
1047,신현역,37.4091399,126.78788,서해선
1048,시흥시청역,37.3814109,126.805946,서해선
1049,시흥능곡역,37.3699903,126.808594,서해선
1050,달미역,37.3490003,126.809318,서해선
1051,선부역,37.33459,126.81,서해선
1052,초지역,37.320083,126.808051,서해선
1053,시우역,37.3130967,126.795503,서해선
1054,원시역,37.302654,126.7867897,서해선
1055,구미역,36.128278,128.331071,대경선
1056,사곡역,36.098508,128.356416,대경선
1057,북삼역,36.0560326479866,128.345278,대경선
1058,왜관역,35.991821,128.400391,대경선
1059,서대구역,35.881734,128.540121,대경선
1060,대구역,35.876,128.5961,대경선
1061,동대구역,35.879376,128.628807,대경선
1062,경산역,35.8192,128.7276,대경선
1063,부전역,35.164668,129.06011,동해선
1064,거제해맞이역,35.181197,129.069015,동해선
1065,거제역,35.18958,129.074385,동해선
1066,교대역,35.1938,129.07958,동해선
1067,동래역,35.204714,129.0773502,동해선
1068,안락역,35.196007,129.101062,동해선
1069,재송역,35.188,129.120109,동해선
1070,센텀역,35.1793,129.1245,동해선
1071,벡스코역,35.1717,129.135958,동해선
1072,신해운대역,35.181832,129.176696,동해선
1073,송정역,35.187832,129.202069,동해선
1074,오시리아역,35.196256,129.208291,동해선
1075,기장역,35.244627,129.2188951,동해선
1076,일광역,35.2675565,129.2330307,동해선
1077,부산원동역,35.1938,129.113709,동해선
1078,좌천역,35.311838,129.245197,동해선
1079,월내역,35.328177,129.276626,동해선
1080,서생역,35.346121,129.29304,동해선
1081,남창역,35.419713,129.28223,동해선
1082,망양역,35.456519,129.287856,동해선
1083,덕하역,35.494007,129.303094,동해선
1084,개운포역,35.507884,129.321097,동해선
1085,태화강역,35.538669,129.353269,동해선
